-- phpMyAdmin SQL Dump
-- version 4.5.1
-- http://www.phpmyadmin.net
--
-- Host: 127.0.0.1
-- Generation Time: Dec 05, 2018 at 03:14 AM
-- Server version: 10.1.8-MariaDB
-- PHP Version: 5.6.14

SET SQL_MODE = "NO_AUTO_VALUE_ON_ZERO";
SET time_zone = "+00:00";


/*!40101 SET @OLD_CHARACTER_SET_CLIENT=@@CHARACTER_SET_CLIENT */;
/*!40101 SET @OLD_CHARACTER_SET_RESULTS=@@CHARACTER_SET_RESULTS */;
/*!40101 SET @OLD_COLLATION_CONNECTION=@@COLLATION_CONNECTION */;
/*!40101 SET NAMES utf8mb4 */;

--
-- Database: `ski_online`
--

-- --------------------------------------------------------

--
-- Table structure for table `bagian`
--

CREATE TABLE `bagian` (
  `id_bagian` int(20) NOT NULL,
  `nama_bagian` varchar(250) NOT NULL
) ENGINE=InnoDB DEFAULT CHARSET=latin1;

--
-- Dumping data for table `bagian`
--

INSERT INTO `bagian` (`id_bagian`, `nama_bagian`) VALUES
(1, '-'),
(2, 'Biro Direksi'),
(3, 'Hukum'),
(4, 'Perencanaan dan Pengendalian Audit'),
(5, 'Perencanaan dan Pengendalian Strategis'),
(6, 'PKBL'),
(7, 'Product Development Support'),
(8, 'Product Management'),
(9, 'Public Relation');

-- --------------------------------------------------------

--
-- Table structure for table `direktori`
--

CREATE TABLE `direktori` (
  `id_direktori` int(11) NOT NULL,
  `NIPEG` varchar(50) NOT NULL,
  `id_jabatan` int(11) NOT NULL,
  `id_proker` int(11) NOT NULL,
  `id_indikator` int(11) NOT NULL
) ENGINE=InnoDB DEFAULT CHARSET=latin1;

--
-- Dumping data for table `direktori`
--

INSERT INTO `direktori` (`id_direktori`, `NIPEG`, `id_jabatan`, `id_proker`, `id_indikator`) VALUES
(1, 'PP.0506009', 4, 1, 13),
(2, 'PP.199107021', 4, 1, 15),
(3, 'PP.8902010', 4, 1, 14),
(4, 'PP.199107021', 4, 1, 20),
(5, 'PP.199107021', 4, 1, 8),
(6, 'PP.199107021', 4, 1, 35),
(7, 'PP.1311028', 4, 1, 3),
(8, 'PP.199210023', 2, 1, 13),
(9, 'PP.199210023', 2, 1, 15),
(10, 'PP.199210023', 2, 1, 14),
(11, 'PP.199210023', 2, 1, 20),
(12, 'PP.199210023', 2, 1, 8),
(13, 'PP.199210023', 2, 1, 35),
(14, 'PP.199210023', 2, 1, 49),
(15, 'PP.199210023', 2, 1, 3),
(16, 'PP.201501018', 64, 1, 13),
(17, 'PP.201501018', 64, 1, 15),
(18, 'PP.201501018', 64, 1, 14),
(19, 'PP.201501018', 64, 1, 49),
(20, 'PP.201501018', 64, 1, 3),
(21, 'PP.201808010', 35, 1, 13),
(22, 'PP.201808010', 35, 1, 15),
(23, 'PP.201808010', 35, 1, 14),
(24, 'PP.201808010', 35, 1, 23),
(25, 'PP.198409052', 35, 1, 13),
(26, 'PP.198409052', 35, 1, 15),
(27, 'PP.198409052', 35, 1, 14),
(28, 'PP.198409052', 35, 1, 23),
(29, 'PP.198709125', 7, 1, 13),
(30, 'PP.198709125', 7, 1, 15),
(31, 'PP.198709125', 7, 1, 14),
(32, 'PP.198709125', 7, 1, 20),
(33, 'PP.198709125', 7, 1, 8),
(34, 'PP.198709125', 7, 1, 35),
(35, 'PP.199408018', 9, 1, 13),
(36, 'PP.199408018', 9, 1, 15),
(37, 'PP.199408018', 9, 1, 14),
(38, 'PP.199408018', 9, 1, 8),
(39, 'PP.199408018', 9, 1, 35),
(40, 'PP.198411127', 9, 1, 13),
(41, 'PP.198411127', 9, 1, 15),
(42, 'PP.198411127', 9, 1, 14),
(43, 'PP.198411127', 9, 1, 8),
(44, 'PP.198411127', 9, 1, 35),
(45, 'PP.198707064', 9, 1, 13),
(46, 'PP.198707064', 9, 1, 15),
(47, 'PP.198707064', 9, 1, 14),
(48, 'PP.198707064', 9, 1, 8),
(49, 'PP.198707064', 9, 1, 35),
(50, 'PP.201202010', 9, 1, 13),
(51, 'PP.201202010', 9, 1, 15),
(52, 'PP.201202010', 9, 1, 14),
(53, 'PP.201202010', 9, 1, 8),
(54, 'PP.201202010', 9, 1, 35),
(55, 'PP.198711151', 9, 1, 13),
(56, 'PP.198711151', 9, 1, 15),
(57, 'PP.198711151', 9, 1, 14),
(58, 'PP.198711151', 9, 1, 8),
(59, 'PP.198711151', 9, 1, 35),
(60, 'PP.198803001', 9, 1, 13),
(61, 'PP.198803001', 9, 1, 15),
(62, 'PP.198803001', 9, 1, 14),
(63, 'PP.198803001', 9, 1, 8),
(64, 'PP.198803001', 9, 1, 35),
(65, 'PP.198601013', 9, 1, 13),
(66, 'PP.198601013', 9, 1, 15),
(67, 'PP.198601013', 9, 1, 14),
(68, 'PP.198601013', 9, 1, 8),
(69, 'PP.198601013', 9, 1, 35),
(70, 'PP.199011018', 5, 1, 11),
(71, 'PP.199011018', 5, 1, 6),
(72, 'PP.199011018', 5, 1, 1),
(73, 'PP.199011018', 5, 1, 22),
(74, 'PP.199011018', 5, 1, 19),
(75, 'PP.199011018', 5, 1, 21),
(76, 'PP.199011018', 5, 1, 3),
(77, 'PP.199011018', 5, 2, 18),
(78, 'PP.199011018', 5, 2, 16),
(79, 'PP.199011018', 5, 2, 17),
(80, 'PP.199402001', 3, 1, 10),
(81, 'PP.199402001', 3, 1, 11),
(82, 'PP.199402001', 3, 1, 9),
(83, 'PP.199402001', 3, 1, 5),
(84, 'PP.199402001', 3, 1, 4),
(85, 'PP.199402001', 3, 1, 2),
(86, 'PP.201202011', 3, 1, 10),
(87, 'PP.201202011', 3, 1, 12),
(88, 'PP.201202011', 3, 1, 9),
(89, 'PP.201202011', 3, 1, 5),
(90, 'PP.201202011', 3, 1, 4),
(91, 'PP.201202011', 3, 1, 2),
(92, 'PP.199801009', 3, 1, 10),
(93, 'PP.199801009', 3, 1, 12),
(94, 'PP.199801009', 3, 1, 9),
(95, 'PP.201808030', 3, 1, 10),
(96, 'PP.201808030', 3, 1, 12),
(97, 'PP.201808030', 3, 1, 9),
(98, 'PP.198507121', 3, 1, 10),
(99, 'PP.198507121', 3, 1, 12),
(100, 'PP.198507121', 3, 1, 9),
(101, 'PP.199801012', 10, 1, 5),
(102, 'PP.199801012', 10, 1, 4),
(103, 'PP.199801012', 10, 1, 2),
(104, 'PP.200912001', 1, 1, 21),
(105, 'PP.200912001', 1, 1, 7),
(106, 'PP.200912001', 1, 1, 48),
(107, 'PP.200912001', 1, 1, 3),
(108, 'PP.200912001', 1, 2, 50),
(109, 'PP.200912001', 1, 2, 51),
(110, 'PP.198707093', 24, 1, 48),
(111, 'PP.198707093', 24, 1, 24),
(112, 'PP.198707093', 24, 1, 3),
(113, 'PP.199306046', 42, 1, 48),
(114, 'PP.199306046', 42, 1, 24),
(115, 'PP.199306046', 42, 2, 26),
(116, 'PP.198412146', 42, 1, 48),
(117, 'PP.198412146', 42, 1, 24),
(118, 'PP.198412146', 42, 2, 26),
(119, 'PP.201202022', 25, 1, 21),
(120, 'PP.201202022', 25, 1, 30),
(121, 'PP.201202022', 25, 1, 34),
(122, 'PP.198412203', 44, 1, 21),
(123, 'PP.198412203', 44, 1, 30),
(124, 'PP.198412203', 44, 1, 34),
(125, 'PP.199210036', 32, 2, 50),
(126, 'PP.199210036', 32, 2, 51),
(127, 'PP.201005001', 32, 2, 50),
(128, 'PP.201005001', 32, 2, 51),
(129, 'PP.198412153', 14, 1, 1),
(130, 'PP.198412153', 14, 1, 22),
(131, 'PP.198412153', 14, 1, 40),
(132, 'PP.198412153', 14, 1, 33),
(133, 'PP.198412153', 14, 1, 57),
(134, 'PP.198412153', 14, 1, 37),
(135, 'PP.198412153', 14, 1, 3),
(136, 'PP.198707092', 26, 1, 1),
(137, 'PP.198707092', 26, 1, 22),
(138, 'PP.198707092', 26, 1, 40),
(139, 'PP.198707092', 26, 1, 57),
(140, 'PP.198707092', 26, 1, 38),
(141, 'PP.198707092', 26, 1, 3),
(142, 'PP.198602042', 45, 1, 1),
(143, 'PP.198602042', 45, 1, 22),
(144, 'PP.198602042', 45, 1, 40),
(145, 'PP.198602042', 45, 1, 57),
(146, 'PP.198602042', 45, 1, 25),
(147, 'PP.199408040', 45, 1, 1),
(148, 'PP.199408040', 45, 1, 22),
(149, 'PP.199408040', 45, 1, 40),
(150, 'PP.199408040', 45, 1, 57),
(151, 'PP.199408040', 45, 1, 25),
(152, 'PP.199306053', 23, 1, 1),
(153, 'PP.199306053', 23, 1, 22),
(154, 'PP.199306053', 23, 1, 33),
(155, 'PP.199306053', 23, 1, 39),
(156, 'PP.199306053', 23, 1, 57),
(157, 'PP.199306053', 23, 1, 3),
(158, 'PP.199408051', 41, 1, 1),
(159, 'PP.199408051', 41, 1, 22),
(160, 'PP.199408051', 41, 1, 33),
(161, 'PP.199408051', 41, 1, 39),
(162, 'PP.199408051', 41, 1, 57),
(163, 'PP.199408034', 41, 1, 1),
(164, 'PP.199408034', 41, 1, 22),
(165, 'PP.199408034', 41, 1, 33),
(166, 'PP.199408034', 41, 1, 39),
(167, 'PP.199408034', 41, 1, 57),
(168, 'PP.200711002', 13, 1, 46),
(169, 'PP.200711002', 13, 1, 60),
(170, 'PP.200711002', 13, 1, 61),
(171, 'PP.200711002', 13, 1, 3),
(172, 'PP.200711002', 13, 2, 42),
(173, 'PP.201306012', 31, 1, 46),
(174, 'PP.201306012', 31, 2, 42),
(175, 'PP.198707095', 51, 1, 46),
(176, 'PP.198505071', 53, 1, 46),
(177, 'PP.198505071', 53, 1, 3),
(178, 'PP.201306010', 19, 1, 46),
(179, 'PP.201306010', 19, 1, 3),
(180, 'PP.201202012', 52, 1, 59),
(181, 'PP.201202012', 52, 1, 19),
(182, 'PP.201202012', 52, 1, 55),
(183, 'PP.201202012', 52, 1, 28),
(184, 'PP.201202012', 52, 1, 9),
(185, 'PP.201202012', 52, 1, 3),
(186, 'PP.201202012', 52, 2, 27),
(187, 'PP.201202012', 52, 2, 41),
(188, 'PP.199408041', 21, 1, 59),
(189, 'PP.199408041', 21, 1, 19),
(190, 'PP.199408041', 21, 1, 3),
(191, 'PP.199408041', 21, 2, 27),
(192, 'PP.199408015', 39, 1, 59),
(193, 'PP.199408015', 39, 1, 19),
(194, 'PP.199408015', 39, 2, 27),
(195, 'PP.201306003', 22, 1, 55),
(196, 'PP.201306003', 22, 1, 28),
(197, 'PP.201306003', 22, 1, 9),
(198, 'PP.201306003', 22, 2, 41),
(199, 'PP.199309066', 17, 1, 31),
(200, 'PP.199309066', 17, 1, 32),
(201, 'PP.199309066', 17, 1, 52),
(202, 'PP.199309066', 17, 1, 53),
(203, 'PP.199309066', 17, 1, 58),
(204, 'PP.199309071', 17, 1, 54),
(205, 'PP.199309071', 17, 1, 36),
(206, 'PP.199309071', 17, 1, 56),
(207, 'PP.199309071', 17, 1, 29),
(208, 'PP.199309071', 17, 1, 3),
(209, 'PP.200711012', 15, 1, 32),
(210, 'PP.200711012', 15, 1, 53),
(211, 'PP.200711012', 15, 1, 58),
(212, 'PP.200711012', 15, 1, 54),
(213, 'PP.200711012', 15, 1, 47),
(214, 'PP.200711012', 15, 1, 29),
(215, 'PP.200711012', 15, 1, 3),
(216, 'PP.201210005', 18, 1, 53),
(217, 'PP.201210005', 18, 1, 54),
(218, 'PP.201210005', 18, 1, 45),
(219, 'PP.201210005', 18, 1, 3),
(220, 'PP.198605072', 36, 1, 53),
(221, 'PP.198605072', 36, 1, 45),
(222, 'PP.198605072', 36, 1, 3),
(223, 'PP.199408069', 36, 1, 53),
(224, 'PP.199408069', 36, 1, 45),
(225, 'PP.199408069', 36, 1, 3),
(226, 'PP.199408012', 20, 1, 53),
(227, 'PP.199408012', 20, 1, 43),
(228, 'PP.199408012', 20, 1, 3),
(229, 'PP.198707091', 38, 1, 53),
(230, 'PP.198707091', 38, 1, 47),
(231, 'PP.201210015', 38, 1, 53),
(232, 'PP.201210015', 38, 1, 47),
(233, 'PP.198602031', 38, 1, 53),
(234, 'PP.198602031', 38, 1, 47),
(235, 'PP.201202021', 28, 1, 53),
(236, 'PP.201202021', 28, 1, 58),
(237, 'PP.201202021', 28, 1, 44),
(238, 'PP.201808003', 48, 1, 58),
(239, 'PP.201808003', 48, 1, 44),
(240, 'PP.198709127', 48, 1, 58),
(241, 'PP.198709127', 48, 1, 44),
(242, 'PP.198412213', 48, 1, 58),
(243, 'PP.198412213', 48, 1, 44),
(244, 'PP.200711011', 27, 1, 31),
(245, 'PP.200711011', 27, 1, 53),
(246, 'PP.200711011', 27, 1, 54),
(247, 'PP.200711011', 27, 1, 36),
(248, 'PP.199306050', 46, 1, 31),
(249, 'PP.199306050', 46, 1, 53),
(250, 'PP.199306050', 46, 1, 36),
(251, 'PP.201808018', 46, 1, 31),
(252, 'PP.201808018', 46, 1, 53),
(253, 'PP.201808018', 46, 1, 36),
(254, 'PP.198712173', 46, 1, 31),
(255, 'PP.198712173', 46, 1, 53),
(256, 'PP.198712173', 46, 1, 36),
(257, 'PP.198712181', 46, 1, 31),
(258, 'PP.198712181', 46, 1, 53),
(259, 'PP.198712181', 46, 1, 36),
(260, 'PP.198707076', 29, 1, 31),
(261, 'PP.198707076', 29, 1, 53),
(262, 'PP.198707076', 29, 1, 54),
(263, 'PP.199306047', 49, 1, 31),
(264, 'PP.199306047', 49, 1, 53),
(265, 'PP.199408033', 49, 1, 31),
(266, 'PP.199408033', 49, 1, 53),
(267, 'PP.198410105', 49, 1, 31),
(268, 'PP.198410105', 49, 1, 53),
(269, 'PP.199408022', 49, 1, 31),
(270, 'PP.199408022', 49, 1, 53),
(271, 'PP.201808028', 49, 1, 31),
(272, 'PP.201808028', 49, 1, 53),
(273, 'PP.198707057', 30, 1, 31),
(274, 'PP.198707057', 30, 1, 36),
(275, 'PP.198707057', 30, 1, 56),
(276, 'PP.199408029', 50, 1, 36),
(277, 'PP.199408029', 50, 1, 56),
(278, 'PP.198602027', 50, 1, 36),
(279, 'PP.198602027', 50, 1, 56),
(280, 'PP.201311003', 33, 1, 32),
(281, 'PP.201311003', 33, 1, 53),
(282, 'PP.199408007', 33, 1, 32),
(283, 'PP.199408007', 33, 1, 53),
(284, 'PP.201808007', 33, 1, 32),
(285, 'PP.201808007', 33, 1, 53),
(286, 'PP.201311008', 33, 1, 32),
(287, 'PP.201311008', 33, 1, 53),
(288, 'PP.199309076', 33, 1, 32),
(289, 'PP.199309076', 33, 1, 53),
(290, 'PP.198707049', 33, 1, 32),
(291, 'PP.198707049', 33, 1, 53),
(292, 'PP.199203004', 33, 1, 32),
(293, 'PP.199203004', 33, 1, 53),
(294, 'PP.201501014', 33, 1, 32),
(295, 'PP.201501014', 33, 1, 53),
(296, 'PP.201808020', 33, 1, 32),
(297, 'PP.201808020', 33, 1, 53),
(298, 'PP.201306008', 33, 1, 32),
(299, 'PP.201306008', 33, 1, 53),
(300, 'PP.199107027', 33, 1, 32),
(301, 'PP.199107027', 33, 1, 53),
(302, 'PP.199210028', 33, 1, 32),
(303, 'PP.199210028', 33, 1, 53),
(304, 'PP.201808037', 33, 1, 32),
(305, 'PP.201808037', 33, 1, 53),
(306, 'PP.199801005', 33, 1, 32),
(307, 'PP.199801005', 33, 1, 53),
(308, 'PP.198412175', 33, 1, 32),
(309, 'PP.198412175', 33, 1, 53),
(310, 'PP.199309071', 33, 1, 32),
(311, 'PP.199309071', 33, 1, 53),
(312, 'PP.201808043', 33, 1, 32),
(313, 'PP.201808043', 33, 1, 53),
(314, 'PP.199006011', 33, 1, 32),
(315, 'PP.199006011', 33, 1, 53),
(316, 'PP.199309078', 12, 1, 31),
(317, 'PP.199309078', 12, 1, 52),
(318, 'PP.199309078', 12, 1, 36),
(319, 'PP.200711005', 12, 1, 31),
(320, 'PP.200711005', 12, 1, 52),
(321, 'PP.200711005', 12, 1, 36),
(322, 'PP.198709132', 12, 1, 31),
(323, 'PP.198709132', 12, 1, 52),
(324, 'PP.198709132', 12, 1, 36),
(325, 'PP.201808034', 12, 1, 31),
(326, 'PP.201808034', 12, 1, 52),
(327, 'PP.201808034', 12, 1, 36),
(328, 'PP.200506007', 12, 1, 31),
(329, 'PP.200506007', 12, 1, 52),
(330, 'PP.200506007', 12, 1, 36),
(331, 'PP.199801018', 12, 1, 31),
(332, 'PP.199801018', 12, 1, 52),
(333, 'PP.199801018', 12, 1, 36),
(334, 'PP.201808040', 12, 1, 31),
(335, 'PP.201808040', 12, 1, 52),
(336, 'PP.201808040', 12, 1, 36),
(337, 'PP.198709133', 12, 1, 31),
(338, 'PP.198709133', 12, 1, 52),
(339, 'PP.198709133', 12, 1, 36),
(340, 'PP.199203005', 12, 1, 31),
(341, 'PP.199203005', 12, 1, 52),
(342, 'PP.199203005', 12, 1, 36),
(343, '', 0, 0, 43);

-- --------------------------------------------------------

--
-- Table structure for table `divisi`
--

CREATE TABLE `divisi` (
  `id_divisi` int(11) NOT NULL,
  `nama_divisi` varchar(350) NOT NULL
) ENGINE=InnoDB DEFAULT CHARSET=latin1;

--
-- Dumping data for table `divisi`
--

INSERT INTO `divisi` (`id_divisi`, `nama_divisi`) VALUES
(1, 'Satuan Pengawas Intern'),
(2, 'Sekretaris Perusahaan'),
(3, 'Pengembangan Bisnis dan Produk');

-- --------------------------------------------------------

--
-- Table structure for table `indikator`
--

CREATE TABLE `indikator` (
  `id_indikator` int(11) NOT NULL,
  `nama_indikator` varchar(350) NOT NULL,
  `id_proker` int(11) NOT NULL,
  `satuan_indikator` varchar(10) NOT NULL,
  `cara_pengukuran` text NOT NULL,
  `deliverable` varchar(500) NOT NULL,
  `nilai_maksimal` int(11) NOT NULL
) ENGINE=InnoDB DEFAULT CHARSET=latin1;

--
-- Dumping data for table `indikator`
--

INSERT INTO `indikator` (`id_indikator`, `nama_indikator`, `id_proker`, `satuan_indikator`, `cara_pengukuran`, `deliverable`, `nilai_maksimal`) VALUES
(1, 'Efektivitas penyaluran dana Program Kemitraan tahun berjalan', 1, '%', '(Jumlah dana yang disalurkan/Jumlah dana yang tersedia) x 100%', 'Laporan Audit KAP tahun berjalan', 105),
(2, 'Efektivitas Perencanaan', 1, '%', 'Deviasi realisasi penjualan dan laba dari perencanaan', 'Laporan Manajemen Perusahaan Audited', 105),
(3, 'Efisiensi biaya divisi', 1, '%', '[(Anggaran biaya x % Target efisiensi)/Realisasi Biaya)] x 100%', 'Laporan Manajemen Divisi Sekretaris Perusahaan', 120),
(4, 'Evaluasi Kinerja Anak Perusahaan', 1, '%', '(Jumlah hasil evaluasi selesai tepat waktu/12) x 100%', 'Laporan Hasil Analisa dan Evaluasi Kinerja Anak Perusahaan', 105),
(5, 'Evaluasi Kinerja Perusahaan', 1, '%', '(Jumlah hasil evaluasi selesai tepat waktu/12) x 100%', 'Laporan Hasil Analisa dan Evaluasi Kinerja Perusahaan', 150),
(6, 'Evaluasi Kinerja Perusahaan dan Anak Perusahaan', 1, '%', '(Jumlah hasil evaluasi selesai tepat waktu/12) x 100%', 'Laporan Hasil Analisa dan Evaluasi Kinerja Perusahaan dan Anak Perusahaan', 105),
(7, 'Jumlah Pelanggaran Hukum', 1, '%', 'Jumlah pelanggaran hukum perusahaan dalam satu tahun. <br>\r\n- Jika pelanggaran <= target, realisasi = 100% <br>\r\n- Jika pelanggaran > target, realisasi = (target/pelanggaran) x 100%', 'Laporan Manajemen Divisi Sekretaris Perusahaan', 150),
(8, 'Jumlah rekomendasi audit internal selesai ditindaklanjuti user', 1, '%', '(Jumlah rekomendasi audit internal selesai ditindaklanjuti/Total rekomendasi) pada tahun berjalan x 100%', 'Laporan Manajemen Divisi Satuan Pengawasan Intern', 105),
(9, 'Ketepatan waktu submit Annual Report', 1, '%', 'Annual Report disubmit sesuai waktu yang telah ditetapkan.\r\n- Jika disubmit sebelum target, realisasi = 105%\r\n- Jika disubmit tepat dengan target, realisasi = 100%\r\n- Jika disubmit setelah target, realisasi = 100% - (hari keterlambatan/60)', 'Buku Annual Report', 105),
(10, 'Ketepatan waktu submit RKAP', 1, '%', 'RKAP disubmit sesuai waktu yang telah ditetapkan. <br>\r\n- Jika disubmit sebelum target, realisasi = 105% <br>\r\n- Jika disubmit tepat dengan target, realisasi = 100% <br>\r\n- Jika disubmit setelah target, realisasi = 100% - (hari keterlambatan/60)', 'Buku RKAP', 105),
(11, 'Ketepatan waktu submit RKAP, Rolling RJPP, dan Annual Report', 1, '%', '(Jumlah dokumen submit tepat waktu/3) x 100%', 'Buku RKAP, Buku RJPP, Annual Report', 105),
(12, 'Ketepatan waktu submit Rolling RJPP', 1, '%', 'Rolling RJPP disubmit sesuai waktu yang telah ditetapkan. <br>\r\n- Jika disubmit sebelum target, realisasi = 105% <br>\r\n- Jika disubmit tepat dengan target, realisasi = 100% <br>\r\n- Jika disubmit setelah target, realisasi = 100% - (hari keterlambatan/60)', 'Buku RJPP', 105),
(13, 'Pemenuhan penerbitan Laporan Hasil Audit (LHA)', 1, '%', '(Jumlah LHA yang diterbitkan/Jumlah audit yang dilaksanakan pada triwulan terkait) x 100%', 'Laporan Hasil Audit (LHA) / Laporan Hasil Pemeriksaan (LHP)', 105),
(14, 'Penyelesaian General Audit tahun berjalan', 1, '%', 'Penerbitan Laporan Interim tahun berjalan sesuai dengan target waktu yang ditetapkan. <br>\r\n- Jika diterbitkan sebelum target, realisasi = 105% <br>\r\n- Jika diterbitkan tepat dengan target, realisasi = 100% <br>\r\n- Jika diterbitkan setelah target, realisasi = 100% - (hari keterlambatan/365)', 'Laporan Audit Interim tahun berjalan', 105),
(15, 'Penyelesaian General Audit tahun sebelumnya', 1, '%', 'Penerbitan Laporan Keuangan Perusahaan Audited tahun buku sebelumnya sesuai dengan target waktu yang ditetapkan. <br>\r\n- Jika diterbitkan sebelum target, realisasi = 105% <br>\r\n- Jika diterbitkan tepat dengan target, realisasi = 100% <br>\r\n- Jika diterbitkan setelah target, realisasi = 100% - (hari keterlambatan/60)', 'Laporan Keuangan Perusahaan Audited tahun sebelumnya', 105),
(16, 'Persentase pemenuhan layanan hukum', 2, '%', '(Jumlah pelayanan yang dipenuhi sesuai dengan SLA/Total permintaan pelayanan) x 100%', 'Laporan Manajemen Divisi Sekretaris Perusahaan', 105),
(17, 'Persentase pemenuhan layanan Public Relation', 2, '%', '(Jumlah pelayanan yang dipenuhi sesuai dengan SLA/Total permintaan pelayanan) x 100%', 'Laporan Manajemen Divisi Sekretaris Perusahaan', 105),
(18, 'Persentase pemenuhan layanan Sekretariat Direksi', 2, '%', '(Jumlah pelayanan yang dipenuhi sesuai dengan SLA/Total permintaan pelayanan) x 100%', 'Laporan Manajemen Divisi Sekretaris Perusahaan', 105),
(19, 'Skor Awareness Persepsi Stakeholders terhadap Perusahaan', 1, '%', 'Hasil skor awareness stakeholders berdasarkan survey yang dilakukan kepada stakeholders. <br>\r\n- Jika skor >= target, realisasi = 100% <br>\r\n- Jika skor < target, realisasi = (skor/target) x 100%', 'Laporan hasil survey atas persepsi stakeholders', 105),
(20, 'Skor Evaluasi Pengendalian Internal', 1, '%', 'Hasil skor self-assesment pengendalian internal. <br>\r\n- Jika skor >= target, realisasi = 100% <br>\r\n- Jika skor < target, realisasi = (skor/target) x 100%', 'Laporan Hasil Evaluasi Pengendalian Internal tahun berjalan', 105),
(21, 'Skor GCG', 1, '%', 'Hasil skor assesmen GCG. <br>\r\n- Jika skor >= target, realisasi = 100% <br>\r\n- Jika skor < target, realisasi = (skor/target) x 100%', 'Laporan Hasil Assesmen GCG', 105),
(22, 'Tingkat kolektibilitas pengembalian pinjaman Program Kemitraan', 1, '%', '(Rata-rata tertimbang kolektibiltas pinjaman/Jumlah pinjaman yang disalurkan) x 100%', 'Laporan Audit KAP tahun berjalan', 105),
(23, 'Administrasi divisi', 1, '%', '(Jumlah administrasi divisi yang dapat diselesaikan/Total tugas administrasi divisi) x 100%', 'Monitoring penyelesaian administrasi divisi', 105),
(24, 'Administrasi hukum', 1, '%', '(Jumlah dokumen hukum yang terdokumentasi/Total dokumen hukum yang terbit) x 100%', 'Laporan Manajemen Divisi Sekretaris Perusahaan', 105),
(25, 'Administrasi PKBL', 1, '%', 'Persentase penyelesaian administrasi PKBL', 'Laporan PKBL', 105),
(26, 'Dokumen Hukum', 2, '%', '(Jumlah permintaan dokumen hukum yang dipenuhi sesuai SLA/Total permintaan dokumen hukum) x 100%', 'Laporan Manajemen Divisi Sekretaris Perusahaan', 105),
(27, 'Dokumentasi kegiatan internal & eksternal Perusahaan', 2, '%', '(Jumlah dokumentasi kegiatan perusahaan yang dipenuhi/Total permintaan dokumentasi kegiatan perusahaan) x 100%', 'Laporan Kegiatan Bagian PR', 105),
(28, 'Efektifitas penggunaan media perusahaan', 1, '%', 'Hasil skor awareness karyawan terhadap informasi perusahaan. <br>\r\n- Jika skor >= target, realisasi = 100% <br>\r\n- Jika skor < target, realisasi = (skor/target) x 100%', 'Laporan Kegiatan Bagian PR', 105),
(29, 'Efisiensi biaya pengembangan', 1, '%', '[(Anggaran biaya x % Target efisiensi)/Realisasi Biaya)] x 100%', 'Laporan Manajemen Divisi Pengembangan Bisnis dan Produk', 120),
(30, 'Indeks Pemahaman Karyawan terhadap GCG', 1, '%', 'Hasil survey pemahaman karyawan terhadap GCG. <br>\r\n- Jika skor >= target, realisasi = 100% <br>\r\n- Jika skor < target, realisasi = (skor/target) x 100%', 'Laporan Hasil Pelaksanaan Sosialisasi GCG', 150),
(31, 'Inovasi Bisnis', 1, '%', 'Jumlah kajian bisnis baru yang dihasilkan. <br>\r\n- Jika jumlah kajian bisnis >= target, realisasi = 100% <br>\r\n- Jika jumlah kajian bisnis < target, realisasi = (jumlah kajian bisnis/target) x 100% <br>\r\n<br>\r\n*Kajian bisnis harus dilengkapi dengan kajian risiko.', '- Laporan Manajemen Divisi Pengembangan Bisnis dan Produk\r\n- Kajian Bisnis', 105),
(32, 'Inovasi Produk', 1, '%', 'Jumlah produk baru yang dihasilkan. <br>\r\n- Jika jumlah produk >= target, realisasi = 100% <br>\r\n- Jika jumlah produk < target, realisasi = (jumlah produk/target) x 100%', 'Laporan Manajemen Divisi Pengembangan Bisnis dan Produk', 105),
(33, 'Jumlah Mitra Binaan', 1, '%', 'Jumlah Mitra Binaan di tahun berjalan. <br>\r\n- Jika jumlah mitra >= target, realisasi = 100% <br>\r\n- Jika jumlah mitra < target, realisasi = (skor/target) x 100%', 'Laporan Manajemen Divisi Sekretaris Perusahaan', 105),
(34, 'Jumlah pelanggaran terhadap pakta integritas', 1, '%', 'Jumlah karyawan yang melakukan pelanggaran terhadap pakta integritas. <br>\r\n- Jika pelanggaran <= target, realisasi = 100% <br>\r\n- Jika pelanggaran > target, realisasi = (target/pelanggaran) x 100%', 'Laporan Hasil Monitoring Pakta Integritas', 105),
(35, 'Jumlah rekomendasi audit eksternal selesai ditindaklanjuti user', 1, '%', '(Jumlah rekomendasi audit eksternal selesai ditindaklanjuti/Total rekomendasi) pada tahun berjalan x 100%', 'Laporan Manajemen Divisi Satuan Pengawasan Intern', 105),
(36, 'Kemitraan Inovasi', 1, '%', 'Jumlah kemitraan inovasi di tahun berjalan. <br>\r\n- Jika jumlah mitra >= target, realisasi = 100% <br>\r\n- Jika jumlah mitra < target, realisasi = (jumlah mitra/target) x 100%', 'Laporan Manajemen Divisi Pengembangan Bisnis dan Produk', 105),
(37, 'Ketepatan waktu submit Laporan di Portal BUMN', 1, '%', 'Laporan disubmit di portal BUMN sesuai waktu yang telah ditetapkan. <br>\r\n- Jika disubmit sebelum target, realisasi = 105% <br>\r\n- Jika disubmit tepat dengan target, realisasi = 100% <br>\r\n- Jika disubmit setelah target, realisasi = 100% - (hari keterlambatan/60)', 'Laporan Manajemen Bagian PKBL', 105),
(38, 'Ketepatan waktu submit Laporan PKBL', 1, '%', '(Jumlah laporan yang disubmit sesuai dengan target waktu/5) x 100% <br>\r\n<br>\r\nTarget TW 1 : 30 April tahun berjalan <br>\r\nTarget TW 2 : 30 Juli tahun berjalan <br>\r\nTarget TW 3 : 30 Oktober tahun berjalan <br>\r\nTarget TW 4 : 30 Januari tahun berikutnya <br>\r\nTarget Tahunan : 1 minggu setelah LHA', 'Laporan PKBL', 105),
(39, 'Kontrak Mitra Binaan', 1, '%', '(Jumlah kontrak selesai sesuai dengan waktu yang telah ditetapkan/Total proposal calon mitra binaan yang masuk) x 100%', 'Laporan PKBL', 105),
(40, 'Koreksi Angsuran', 1, '%', '(Jumlah koreksi angsuran yang sudah teridentifikasi/Total koreksi angsuran yang belum teridentifikasi) x 100%', 'Laporan PKBL', 105),
(41, 'Marketing support', 2, '%', '(Jumlah realisasi dukungan marketing/Total permintaan dukungan marketing) x 100%', 'Laporan Kegiatan Bagian PR', 105),
(42, 'Pembuatan risalah rapat Direksi', 2, '%', '(Jumlah risalah radir yang selesai sesuai dengan target waktu yang telah ditetapkan/Total materi radir) x 100% <br> \r\n<br>\r\nTarget waktu : 3 hari kerja', 'Laporan Manajemen Divisi Sekretaris Perusahaan', 105),
(43, 'Pemenuhan dokumen pengembangan produk', 1, '%', '(Jumlah produk yang lengkap dokumen pengembangannya/Total produk yang dikembangkan) x 100%', 'Laporan Manajemen Divisi Pengembangan Bisnis dan Produk', 105),
(44, 'Pemenuhan dokumen sertifikasi produk', 1, '%', '(Jumlah administrasi pengembangan produk yang selesai sesuai dengan target waktu yang telah ditetapkan/Total administrasi pengembangan produk) x 100%', 'Laporan Manajemen Divisi Pengembangan Bisnis dan Produk', 105),
(45, 'Pemenuhan dukungan administrasi umum pengembangan produk', 1, '%', '(Jumlah administrasi pengembangan produk yang selesai sesuai dengan target waktu yang telah ditetapkan/Total administrasi pengembangan produk) x 100%', 'Laporan Manajemen Divisi Pengembangan Bisnis dan Produk', 105),
(46, 'Pemenuhan dukungan pelaksanaan tugas Direksi', 1, '%', '(Jumlah administrasi Direksi yang selesai sesuai dengan target waktu yang telah ditetapkan/Total administrasi Direksi) x 100%', 'Laporan Manajemen Divisi Sekretaris Perusahaan', 105),
(47, 'Pemenuhan dukungan pengembangan produk', 1, '%', '(Jumlah administrasi pengembangan produk yang selesai sesuai dengan target waktu yang telah ditetapkan/Total administrasi pengembangan produk) x 100%', 'Laporan Manajemen Divisi Pengembangan Bisnis dan Produk', 105),
(48, 'Pemenuhan perizinan perusahaan', 1, '%', '(Jumlah pemenuhan perizinan/Total permintaan perizinan) x 100%', 'Laporan Manajemen Divisi Sekretaris Perusahaan', 105),
(49, 'Pencatatan aset perusahaan', 1, '%', '[(Jumlah divisi yang berhasil dilakukan pencatatan aset sesuai dengan jadwal/Total divisi)] x 100%', 'Laporan Hasil Pencatatan Aset Perusahaan tahun berjalan', 105),
(50, 'Penyelesaian pembuatan dokumen hukum', 2, '%', '(Realisasi pembuatan SKD dan Kajian Hukum/Jumlah permintaan pembuatan SKD dan Kajian Hukum) x 100%', 'Laporan Manajemen Divisi Sekretaris Perusahaan', 105),
(51, 'Penyelesaian review dokumen hukum', 2, '%', '(Jumlah permintaan review dokumen hukum yang diselesaikan sesuai SLA/Total permintaan review dokumen hukum) x 100%\r\n<br><br>\r\nSLA : review selesai dalam 2 hari kerja', 'Laporan Manajemen Divisi Sekretaris Perusahaan', 105),
(52, 'Pertumbuhan pangsa pasar', 1, '%', 'Jumlah pasar baru yang dimasuki oleh Perusahaan. <br>\r\n- Jika jumlah pasar baru >= target, realisasi = 100% <br>\r\n- Jika jumlah pasar baru < target, realisasi = (jumlah pasar baru/target) x 100%', '- Perjanjian Kerjasama\r\n- Laporan Manajemen Divisi Pengembangan Bisnis dan Produk', 105),
(53, 'Product Release', 1, '%', 'Jumlah produk yang release sesuai dengan timeplan. <br>\r\n- Jika jumlah produk >= target, realisasi = 100%  <br>\r\n- Jika jumlah produk < target, realisasi = (jumlah produk/target) x 100%', 'Laporan Manajemen Divisi Pengembangan Bisnis dan Produk', 105),
(54, 'Program Investasi', 1, '%', '(Realisasi investasi pengembangan tahun berjalan/Rencana investasi pada RKAP) x 100%', 'Laporan Manajemen Divisi Pengembangan Bisnis dan Produk', 105),
(55, 'Realisasi pengelolaan media perusahaan', 1, '%', '(Jumlah media perusahaan yang aktif/Total jumlah media yang tersedia di perusahaan) x 100%', 'Laporan Kegiatan Bagian PR', 105),
(56, 'Realisasi pengembangan Mitra Binaan RICE', 1, '%', '(Realisasi program pengembangan mitra binaan RICE yang dilaksanakan/Jumlah rencana program pengembangan yang akan dilaksanakan) x 100%', 'Laporan Manajemen Divisi Pengembangan Bisnis dan Produk', 105),
(57, 'Realisasi Program CSR', 1, '%', 'Jumlah kegiatan CSR yang dilaksanakan di tahun berjalan. <br>\r\n- Jika jumlah kegiatan >= target, realisasi = 100% <br>\r\n- Jika jumlah kegiatan < target, realisasi = (skor/target) x 100%', 'Laporan Manajemen Divisi Sekretaris Perusahaan', 105),
(58, 'Sertifikasi Produk', 1, '%', 'Jumlah produk yang disertifikasi di tahun berjalan. <br>\r\n- Jika jumlah produk >= target, realisasi = 100% <br>\r\n- Jika jumlah produk < target, realisasi = (jumlah produk/target) x 100%', '- Laporan Manajemen Divisi Pengembangan Bisnis dan Produk\r\n- Sertifikat produk', 105),
(59, 'Sosialisasi/internalisasi visi dan nilai organisasi', 1, '%', '(Jumlah realisasi program sosialisasi/Total rencana program sosialisasi) x 100%', 'Laporan Kegiatan Bagian PR', 105),
(60, 'Tingkat kehadiran rapat BOD', 1, '%', '(Jumlah pelaksanaan rapat BOD/Total rencana rapat BOD dalam 1 tahun) x 100%', 'Laporan Manajemen Divisi Sekretaris Perusahaan', 105),
(61, 'Tingkat kehadiran rapat top management', 1, '%', '(Jumlah pelaksanaan rapat top management/Total rencana rapat top management dalam 1 tahun) x 100%', 'Laporan Manajemen Divisi Sekretaris Perusahaan', 105);

-- --------------------------------------------------------

--
-- Table structure for table `jabatan`
--

CREATE TABLE `jabatan` (
  `id_jabatan` int(11) NOT NULL,
  `nama_jabatan` varchar(250) NOT NULL,
  `id_divisi` int(11) NOT NULL
) ENGINE=InnoDB DEFAULT CHARSET=latin1;

--
-- Dumping data for table `jabatan`
--

INSERT INTO `jabatan` (`id_jabatan`, `nama_jabatan`, `id_divisi`) VALUES
(1, 'Kabag Hukum', 2),
(2, 'Kabag Perencanaan dan Pengendalian Audit', 1),
(3, 'Kabag Perencanaan dan Pengendalian Strategis', 2),
(4, 'Kadiv Satuan Pengawasan Intern', 1),
(5, 'Kadiv Sekretaris Perusahaan', 2),
(6, 'Kaur Administratif Perencanaan dan Pengendalian Audit', 1),
(7, 'Kaur Pengembangan Audit', 1),
(8, 'Kaur Perencanaan dan Pengendalian Strategis', 2),
(9, 'Kelompok Ahli Audit', 1),
(10, 'Kelompok Ahli Strategis', 2),
(11, 'Staf Perencanaan dan Pengendalian Strategis', 2),
(12, 'Business Development Team', 3),
(13, 'Kabag Biro Direksi', 2),
(14, 'Kabag PKBL', 2),
(15, 'Kabag Product Development Support', 3),
(16, 'Kabag Product Management', 3),
(17, 'Kadiv Pengembangan Bisnis dan Produk', 3),
(18, 'Kaur Administrasi Umum', 3),
(19, 'Kaur Cabang Jakarta', 2),
(20, 'Kaur Dokumen Pengembangan', 3),
(21, 'Kaur Internal & External Relation', 2),
(22, 'Kaur Media Handling & Marketing Support', 2),
(23, 'Kaur Operasional PKBL', 2),
(24, 'Kaur Pengelolaan Informasi dan Dukungan Hukum', 2),
(25, 'Kaur Perencanaan dan Pengendalian GCG', 2),
(26, 'Kaur Perencanaan dan Pengendalian PKBL', 2),
(27, 'Kaur Perencanaan dan Pengendalian Produk', 3),
(28, 'Kaur Product Quality Assurance', 3),
(29, 'Kaur Rekayasa dan Dukungan Produk', 3),
(30, 'Kaur Rice & Business Incubator', 3),
(31, 'Kaur Sekretariat Direksi', 2),
(32, 'Kelompok Ahli Hukum', 2),
(33, 'Product & IT Team', 3),
(34, 'Staf Administrasi dan Keuangan', 2),
(35, 'Staf Administrasi Perencanaan dan Pengendalian Audit', 1),
(36, 'Staf Administrasi Umum', 3),
(37, 'Staf Cabang Jakarta', 2),
(38, 'Staf Dokumen Pengembangan', 3),
(39, 'Staf Internal & External Relation', 2),
(40, 'Staf Media Handling & Marketing Support', 2),
(41, 'Staf Operasional PKBL', 2),
(42, 'Staf Pengelolaan Informasi dan Dukungan Hukum', 2),
(43, 'Staf Pengembangan Audit', 1),
(44, 'Staf Perencanaan dan Pengendalian GCG', 2),
(45, 'Staf Perencanaan dan Pengendalian PKBL', 2),
(46, 'Staf Perencanaan dan Pengendalian Produk', 3),
(47, 'Staf Perencanaan dan Pengendalian Strategis', 2),
(48, 'Staf Product Quality Assurance', 3),
(49, 'Staf Rekayasa dan Dukungan Produk', 3),
(50, 'Staf Rice & Business Incubator', 3),
(51, 'Staf Sekretariat Direksi', 2),
(52, 'Kabag Public Relation', 2),
(53, 'Kaur Administrasi dan Keuangan', 2),
(64, 'Kaur Administrasi Perencanaan dan Pengendalian Audit', 1);

-- --------------------------------------------------------

--
-- Table structure for table `karyawan`
--

CREATE TABLE `karyawan` (
  `nip_karyawan` varchar(50) NOT NULL,
  `nama_karyawan` varchar(250) NOT NULL,
  `foto` varchar(50) NOT NULL,
  `id_pangkat` int(11) NOT NULL,
  `id_jabatan` int(11) NOT NULL,
  `id_urusan` int(11) NOT NULL,
  `id_bagian` int(11) NOT NULL,
  `status` varchar(150) NOT NULL,
  `buat_ski` varchar(50) NOT NULL,
  `approve` varchar(50) NOT NULL,
  `hak_akses` varchar(50) NOT NULL,
  `password` text NOT NULL
) ENGINE=InnoDB DEFAULT CHARSET=latin1;

--
-- Dumping data for table `karyawan`
--

INSERT INTO `karyawan` (`nip_karyawan`, `nama_karyawan`, `foto`, `id_pangkat`, `id_jabatan`, `id_urusan`, `id_bagian`, `status`, `buat_ski`, `approve`, `hak_akses`, `password`) VALUES
('PP.0711002', 'BONTANG PRASOJO', '', 3, 13, 1, 1, 'Aktif', 'SUDAH', '', 'karyawan', '688e21ef3a6bbfd1caf78346d2845c69210a7396'),
('PP.198412146', 'TATA SUKARTA', '', 5, 42, 1, 1, 'Aktif', 'BELUM', '', 'atasan2', '6ef9074167503efff4deae82013f03a8008912ea'),
('PP.198412153', 'ROHMAN DEDE C.', '', 5, 14, 1, 1, 'Aktif', 'BELUM', '', 'karyawan', 'b2273fb71c491bbaf4598c9233a4c1ef99fc3a01'),
('PP.198412175', 'SUTRIANA JAYA', '', 4, 33, 3, 0, 'Aktif', 'BELUM', '', 'karyawan', 'db8b1b1b613ad691bf843b56fc05712669088692'),
('PP.198412213', 'ODIN IRON', '', 5, 48, 1, 1, 'Aktif', 'BELUM', '', 'karyawan', 'c1fa00f7b44c4070408fa40715c92eeef4e89de6'),
('PP.198505071', 'ANI SETYANINGSIH', '', 2, 53, 6, 9, 'Aktif', 'BELUM', '', '', ''),
('PP.198507121', 'WAGIYATI A. ISKAN', '', 5, 47, 5, 15, 'Aktif', 'BELUM', '', '', ''),
('PP.198602027', 'SUHARDI HADI S.', '', 5, 50, 1, 1, 'Aktif', 'BELUM', '', '', ''),
('PP.198602031', 'SOEWARTO WAROEDJOE', '', 5, 38, 1, 1, 'Aktif', 'BELUM', '', '', ''),
('PP.198602042', 'AGUS MAHMUD Y.', '', 5, 45, 1, 1, 'Aktif', 'BELUM', '', '', ''),
('PP.198605072', 'DIAN MARFINI', '', 5, 36, 8, 14, 'Aktif', 'BELUM', '', '', ''),
('PP.198707049', 'GAFRELLY MANSUR', '', 4, 33, 1, 1, 'Aktif', 'BELUM', '', '', ''),
('PP.198707057', 'SURYAMAN DAHLAN', '', 2, 30, 3, 10, 'Aktif', 'BELUM', '', '', ''),
('PP.198707064', 'DHANI PURWITO', '', 2, 9, 8, 14, 'Aktif', 'BELUM', '', '', ''),
('PP.198707076', 'CECEP JAMALUDIN', '', 2, 29, 1, 1, 'Aktif', 'BELUM', '', '', ''),
('PP.198707091', 'DADAN HIDAYAT', '', 5, 38, 8, 18, 'Aktif', 'BELUM', '', '', ''),
('PP.198707092', 'MELIANI SUPARDJO', '', 2, 26, 6, 9, 'Aktif', 'BELUM', '', '', ''),
('PP.198707093', 'HARRY JAUHARI', '', 2, 24, 8, 18, 'Aktif', 'BELUM', '', '', ''),
('PP.198707095', 'NURAINY', '', 2, 51, 1, 1, 'Aktif', 'BELUM', '', '', ''),
('PP.198709125', 'ADI BUDI SIDIN', '', 2, 7, 5, 1, 'Aktif', 'BELUM', '', '', ''),
('PP.198709127', 'LINA SUMIATI H.', '', 2, 48, 1, 1, 'Aktif', 'BELUM', '', 'karyawan', '7be950b961fb0cf52fa6c96d7a0c13d4d6d2e94e'),
('PP.198709132', 'KOSASIH ANO', '', 2, 12, 7, 6, 'Aktif', 'BELUM', '', '', ''),
('PP.198709133', 'TONI PRAYITNO', '', 2, 12, 3, 10, 'Aktif', 'BELUM', '', '', ''),
('PP.198711151', 'FARID MANSUR', '', 4, 9, 1, 1, 'Aktif', 'BELUM', '', '', ''),
('PP.198712173', 'SUWANDI LASIMAN', '', 5, 46, 1, 1, 'Aktif', 'BELUM', '', '', ''),
('PP.198712181', 'TETY SUPARTI', '', 5, 46, 1, 1, 'Aktif', 'BELUM', '', '', ''),
('PP.198803001', 'WIDI SULISTYONO', '', 2, 9, 6, 1, 'Aktif', 'BELUM', '', '', ''),
('PP.199011018', 'ENDANG YULIAWATY', '', 7, 5, 2, 19, 'Aktif', 'BELUM', '', '', ''),
('PP.199107021', 'RUDI LIZWARIL', '', 1, 4, 3, 12, 'Aktif', 'BELUM', '', '', ''),
('PP.199107027', 'PARMONO RAHARJO', '', 4, 33, 1, 1, 'Aktif', 'BELUM', '', '', ''),
('PP.199203004', 'LUCKY ANIES A.R.', '', 1, 33, 5, 15, 'Aktif', 'BELUM', '', '', ''),
('PP.199203005', 'UMI MASLIKAH', '', 1, 12, 1, 1, 'Aktif', 'BELUM', '', '', ''),
('PP.199210023', 'MUSLIM AKHMADI', '', 1, 2, 1, 1, 'Aktif', 'BELUM', '', '', ''),
('PP.199210028', 'PARWITO', '', 1, 33, 7, 16, 'Aktif', 'BELUM', '', '', ''),
('PP.199210036', 'GUMILAR BAYU P.', '', 1, 32, 2, 5, 'Aktif', 'BELUM', '', '', ''),
('PP.199306046', 'SETIAWAN', '', 3, 42, 2, 19, 'Aktif', 'BELUM', '', '', ''),
('PP.199306047', 'AGUS SURYA', '', 6, 49, 7, 16, 'Aktif', 'BELUM', '', '', ''),
('PP.199306050', 'HAMZAH KARMAWAN', '', 3, 46, 8, 17, 'Aktif', 'BELUM', '', '', ''),
('PP.199306053', 'UUS LUKMAN', '', 3, 23, 4, 3, 'Aktif', 'BELUM', '', '', ''),
('PP.199309071', 'UJANG KRISNO', '', 1, 33, 7, 4, 'Aktif', 'BELUM', '', '', ''),
('PP.199309076', 'ENDRI', '', 4, 33, 4, 1, 'Aktif', 'BELUM', '', '', ''),
('PP.199309078', 'DADANG MUKTI', '', 4, 12, 1, 1, 'Aktif', 'BELUM', '', '', ''),
('PP.199402001', 'SRI DHARWIYANTI', '', 4, 3, 6, 13, 'Aktif', 'BELUM', '', '', ''),
('PP.199408007', 'ASEP AMINUDIN', '', 5, 33, 1, 1, 'Aktif', 'BELUM', '', '', ''),
('PP.199408012', 'ELAN SUHERLAN', '', 5, 20, 1, 1, 'Aktif', 'BELUM', '', '', ''),
('PP.199408015', 'AGUS DEDI', '', 5, 39, 1, 1, 'Aktif', 'BELUM', '', '', ''),
('PP.199408018', 'AAR SUMIARSA', '', 5, 9, 8, 14, 'Aktif', 'BELUM', '', '', ''),
('PP.199408022', 'DIDIN KHOERUDIN', '', 5, 49, 7, 16, 'Aktif', 'BELUM', '', '', ''),
('PP.199408029', 'JONI WIBOWO', '', 5, 50, 1, 1, 'Aktif', 'BELUM', '', '', ''),
('PP.199408033', 'AKMAL', '', 3, 49, 1, 1, 'Aktif', 'BELUM', '', '', ''),
('PP.199408034', 'WAHYU NURHADIAH', '', 5, 41, 8, 18, 'Aktif', 'BELUM', '', '', ''),
('PP.199408040', 'ENTIN DEWI HARTINI', '', 5, 45, 3, 10, 'Aktif', 'BELUM', '', '', ''),
('PP.199408041', 'NIKNIK SITI MARYAM', '', 5, 21, 8, 14, 'Aktif', 'BELUM', '', '', ''),
('PP.199408051', 'SUMARNA', '', 3, 41, 1, 1, 'Aktif', 'BELUM', '', '', ''),
('PP.199408069', 'ELA NURLAELA', '', 3, 36, 9, 1, 'Aktif', 'BELUM', '', '', ''),
('PP.199801005', 'ST.AGUNG MURDIYONO S.', '', 4, 33, 1, 1, 'Aktif', 'BELUM', '', '', ''),
('PP.199801009', 'ARIEF HIDAYAT', '', 4, 11, 4, 3, 'Aktif', 'BELUM', '', '', ''),
('PP.199801012', 'KRISTANTA RIYADI', '', 4, 10, 5, 15, 'Aktif', 'BELUM', '', '', ''),
('PP.199801018', 'SOFYAN DAVID SUBIYANTO, ST.', '', 4, 12, 1, 1, 'Aktif', 'BELUM', '', '', ''),
('PP.200506007', 'RUSDI AMIN HARAHAP', '', 2, 12, 3, 1, 'Aktif', 'BELUM', '', '', ''),
('PP.200711005', 'EKO SULISTIYONO', '', 5, 12, 7, 6, 'Aktif', 'BELUM', '', '', ''),
('PP.200711011', 'WIDI UTAMI PRASETIANTI', '', 5, 27, 6, 13, 'Aktif', 'BELUM', '', '', ''),
('PP.200912001', 'EZRA ANUGERAH LONTOH', '', 5, 1, 1, 1, 'Aktif', 'BELUM', '', '', ''),
('PP.201005001', 'PUTTY OCTAVIANY PURWADIPUTRI', '', 5, 32, 7, 6, 'Aktif', 'BELUM', '', '', ''),
('PP.201202010', 'ERIK ARFIANSYAH', '', 3, 9, 7, 4, 'Aktif', 'BELUM', '', '', ''),
('PP.201202011', 'FEBRIANI PUSPA DEWI', '', 5, 8, 1, 1, 'Aktif', 'BELUM', '', '', ''),
('PP.201202012', 'GDE PANDIT ANDIKA WICAKSONO', '', 5, 52, 8, 17, 'Aktif', 'BELUM', '', '', ''),
('PP.201202021', 'NUR AFIFAH', '', 5, 28, 7, 4, 'Aktif', 'BELUM', '', '', ''),
('PP.201202022', 'RADEN SITI SARI DEWI', '', 5, 25, 1, 1, 'Aktif', 'BELUM', '', '', ''),
('PP.201210005', 'NENI SURYANI', '', 5, 18, 4, 3, 'Aktif', 'BELUM', '', '', ''),
('PP.201210015', 'ERFAN ELFARIZA PRAMADYA', '', 5, 38, 9, 8, 'Aktif', 'BELUM', '', '', ''),
('PP.201306003', 'DANI PRASETYA', '', 5, 22, 1, 1, 'Aktif', 'BELUM', '', '', ''),
('PP.201306008', 'MUHAMMAD SAEFURROZI', '', 5, 33, 7, 6, 'Aktif', 'BELUM', '', '', ''),
('PP.201306010', 'NURSYIFA FUJIYATI', '', 5, 19, 8, 17, 'Aktif', 'BELUM', '', '', ''),
('PP.201306012', 'RENDRA HASWARI STEVINA H', '', 5, 31, 8, 17, 'Aktif', 'BELUM', '', '', ''),
('PP.201311003', 'ANGGIE GUNAWAN', '', 5, 33, 2, 1, 'Aktif', 'BELUM', '', '', ''),
('PP.201311008', 'BEBEN MOCHAMAD AKBAR PERKASA', '', 5, 33, 1, 1, 'Aktif', 'BELUM', '', '', ''),
('PP.201501014', 'LUTHFY DELFTYANA MULYA', '', 3, 33, 1, 1, 'Aktif', 'BELUM', '', '', ''),
('PP.201501018', 'NORMANDIA YULIANITA', '', 3, 6, 1, 1, 'Aktif', 'BELUM', '', '', ''),
('PP.201808003', 'ANISYADITA VENTRINUR', '', 3, 48, 1, 1, 'Aktif', 'BELUM', '', '', ''),
('PP.201808007', 'BAYU ADITIA', '', 3, 33, 5, 15, 'Aktif', 'BELUM', '', '', ''),
('PP.201808010', 'DEWI HAJAR BRILANTI', '', 3, 35, 7, 16, 'Aktif', 'BELUM', '', '', ''),
('PP.201808018', 'LINDA RIZKI YULIANI', '', 3, 46, 2, 2, 'Aktif', 'BELUM', '', '', ''),
('PP.201808020', 'M. IQBAL FADHILLAH KERTABUDI', '', 3, 33, 1, 1, 'Aktif', 'BELUM', '', '', ''),
('PP.201808028', 'NOVIA INGGRIT DEWIAYU SANTIKA', '', 3, 49, 8, 17, 'Aktif', 'BELUM', '', '', ''),
('PP.201808030', 'PUTRI AMELIA DIRGAHAYU', '', 3, 47, 8, 17, 'Aktif', 'BELUM', '', '', ''),
('PP.201808034', 'RINI APRIYANTI PURBA', '', 3, 12, 6, 13, 'Aktif', 'BELUM', '', '', ''),
('PP.201808037', 'SANTOSO IBNUTORO', '', 3, 33, 9, 7, 'Aktif', 'BELUM', '', '', ''),
('PP.201808040', 'TETHA VALIANTA', '', 3, 12, 4, 11, 'Aktif', 'BELUM', '', '', ''),
('PP.8409052', 'FIFI YUSFIANTY', '6.jpg', 2, 35, 1, 1, 'MPP', 'BELUM', '', 'admin', 'c8e8378aafadd4b5afc26ae922099539e43371ae'),
('PP.8410105', 'CUCU WAHYUDINATA', '6.jpg', 5, 49, 1, 1, 'Aktif', 'SUDAH', '', 'karyawan', 'fe65dc3474c1b1127d9c904f10df99971b5b5900'),
('PP.8411127', 'AYI DADI CIPTA GANDA', '', 2, 9, 7, 1, 'MPP', 'BELUM', '', 'atasan1', '93722575856a32602bf22c059a39cc202b85c658');

-- --------------------------------------------------------

--
-- Table structure for table `kondisi`
--

CREATE TABLE `kondisi` (
  `id_kondisi` int(11) NOT NULL,
  `status_tw` varchar(5) NOT NULL,
  `TMT` datetime NOT NULL,
  `TST` datetime NOT NULL,
  `tahun` year(4) NOT NULL
) ENGINE=InnoDB DEFAULT CHARSET=latin1;

--
-- Dumping data for table `kondisi`
--

INSERT INTO `kondisi` (`id_kondisi`, `status_tw`, `TMT`, `TST`, `tahun`) VALUES
(1, 'SKI', '2018-11-26 09:30:41', '2018-12-30 09:30:41', 2018),
(2, 'SKI', '2018-11-19 10:51:15', '2018-12-18 10:50:30', 2018);

-- --------------------------------------------------------

--
-- Table structure for table `nilai`
--

CREATE TABLE `nilai` (
  `id_nilai` int(11) NOT NULL,
  `id_indikator` int(11) NOT NULL,
  `NIPEG` varchar(50) NOT NULL,
  `id_proker` int(11) NOT NULL,
  `bobot` int(11) NOT NULL,
  `tw1` int(11) NOT NULL,
  `tw2` int(11) NOT NULL,
  `tw3` int(11) NOT NULL,
  `tw4` int(11) NOT NULL,
  `tahun_insert` int(11) NOT NULL,
  `tahun_update` int(11) NOT NULL,
  `input_by` varchar(250) NOT NULL,
  `input_time` datetime NOT NULL
) ENGINE=InnoDB DEFAULT CHARSET=latin1;

--
-- Dumping data for table `nilai`
--

INSERT INTO `nilai` (`id_nilai`, `id_indikator`, `NIPEG`, `id_proker`, `bobot`, `tw1`, `tw2`, `tw3`, `tw4`, `tahun_insert`, `tahun_update`, `input_by`, `input_time`) VALUES
(15, 13, 'PP.0506009', 1, 100, 20, 10, 30, 0, 2018, 2018, '', '0000-00-00 00:00:00'),
(16, 3, 'PP.1311028', 1, 100, 20, 10, 0, 0, 2018, 2018, '', '0000-00-00 00:00:00'),
(17, 14, 'PP.8902010', 1, 100, 10, 0, 0, 0, 2018, 2018, '', '0000-00-00 00:00:00');

-- --------------------------------------------------------

--
-- Table structure for table `pangkat`
--

CREATE TABLE `pangkat` (
  `id_pangkat` int(11) NOT NULL,
  `nama_pangkat` varchar(50) NOT NULL
) ENGINE=InnoDB DEFAULT CHARSET=latin1;

--
-- Dumping data for table `pangkat`
--

INSERT INTO `pangkat` (`id_pangkat`, `nama_pangkat`) VALUES
(1, 'Assistant Vice President (AVP)'),
(2, 'Manager (MGR)'),
(3, 'Officer (O)'),
(4, 'Senior Manager (SMGR)'),
(5, 'Senior Officer (SO)'),
(6, 'Staff'),
(7, 'Vice President (VP)'),
(8, '-');

-- --------------------------------------------------------

--
-- Table structure for table `proker`
--

CREATE TABLE `proker` (
  `id_proker` int(11) NOT NULL,
  `nama_proker` varchar(100) NOT NULL
) ENGINE=InnoDB DEFAULT CHARSET=latin1;

--
-- Dumping data for table `proker`
--

INSERT INTO `proker` (`id_proker`, `nama_proker`) VALUES
(1, 'Target Utama'),
(2, 'Target SLA');

-- --------------------------------------------------------

--
-- Table structure for table `role`
--

CREATE TABLE `role` (
  `NIPEG` varchar(12) NOT NULL,
  `ROLE` varchar(100) NOT NULL,
  `ROLE1` varchar(11) NOT NULL,
  `ROLE2` varchar(11) NOT NULL,
  `BUAT_SKI` varchar(11) NOT NULL,
  `APPROVE` varchar(11) NOT NULL
) ENGINE=InnoDB DEFAULT CHARSET=latin1;

--
-- Dumping data for table `role`
--

INSERT INTO `role` (`NIPEG`, `ROLE`, `ROLE1`, `ROLE2`, `BUAT_SKI`, `APPROVE`) VALUES
('DD.0903005', 'Karyawan', 'Karyawan', 'Karyawan', '', ''),
('DD.1403001', 'Karyawan', 'Karyawan', 'Karyawan', '', ''),
('DD.1702001', 'Karyawan', 'Karyawan', 'Karyawan', '', ''),
('DD.1712001', 'Karyawan', 'Karyawan', 'Karyawan', '', ''),
('PK.1606003', 'Karyawan', 'Karyawan', 'Karyawan', '', ''),
('PK.1701002', 'Karyawan', 'Karyawan', 'Karyawan', '', ''),
('PK.1804001', 'Karyawan', 'Karyawan', 'Karyawan', '', ''),
('PK.1805001', 'Karyawan', 'Karyawan', 'Karyawan', '', ''),
('PK.1805002', 'Karyawan', 'Karyawan', 'Karyawan', '', ''),
('PK.1805003', 'Karyawan', 'Karyawan', 'Karyawan', '', ''),
('PK.1806001', 'Karyawan', 'Karyawan', 'Karyawan', '', ''),
('PP.0506004', 'Karyawan', 'Karyawan', 'Karyawan', '', ''),
('PP.0506007', 'Karyawan', 'Karyawan', 'Karyawan', '', ''),
('PP.0506009', 'Karyawan', 'Karyawan', 'Karyawan', 'SUDAH', 'approved'),
('PP.0506012', 'Karyawan', 'Karyawan', 'Karyawan', '', ''),
('PP.0711002', 'Karyawan', 'Karyawan', 'Karyawan', '', ''),
('PP.0711003', 'Karyawan', 'Karyawan', 'Karyawan', '', ''),
('PP.0711004', 'Karyawan', 'Karyawan', 'Karyawan', '', ''),
('PP.0711005', 'Karyawan', 'Karyawan', 'Karyawan', '', ''),
('PP.0711009', 'Karyawan', 'Karyawan', 'Karyawan', '', ''),
('PP.0711011', 'Karyawan', 'Karyawan', 'Karyawan', '', ''),
('PP.0711012', 'Karyawan', 'Karyawan', 'Karyawan', '', ''),
('PP.0805001', 'Karyawan', 'Karyawan', 'Karyawan', '', ''),
('PP.0805002', 'Karyawan', 'Karyawan', 'Karyawan', '', ''),
('PP.0912001', 'Karyawan', 'Karyawan', 'Karyawan', '', ''),
('PP.1005001', 'Karyawan', 'Karyawan', 'Karyawan', '', ''),
('PP.1005002', 'Karyawan', 'Karyawan', 'Karyawan', '', ''),
('PP.1108001', 'Karyawan', 'Karyawan', 'Karyawan', '', ''),
('PP.1108005', 'Karyawan', 'Karyawan', 'Karyawan', '', ''),
('PP.1202002', 'Karyawan', 'Karyawan', 'Karyawan', '', ''),
('PP.1202005', 'Karyawan', 'Karyawan', 'Karyawan', '', ''),
('PP.1202009', 'Karyawan', 'Karyawan', 'Karyawan', '', ''),
('PP.1202010', 'Karyawan', 'Karyawan', 'Karyawan', '', ''),
('PP.1202011', 'Karyawan', 'Karyawan', 'Karyawan', '', ''),
('PP.1202012', 'Karyawan', 'Karyawan', 'Karyawan', '', ''),
('PP.1202016', 'Karyawan', 'Karyawan', 'Karyawan', '', ''),
('PP.1202019', 'Karyawan', 'Karyawan', 'Karyawan', '', ''),
('PP.1202021', 'Karyawan', 'Karyawan', 'Karyawan', '', ''),
('PP.1202022', 'Karyawan', 'Karyawan', 'Karyawan', '', ''),
('PP.1202024', 'Karyawan', 'Karyawan', 'Karyawan', '', ''),
('PP.1202025', 'Karyawan', 'Karyawan', 'Karyawan', '', ''),
('PP.1210002', 'Karyawan', 'Karyawan', 'Karyawan', '', ''),
('PP.1210003', 'Karyawan', 'Karyawan', 'Karyawan', '', ''),
('PP.1210005', 'Karyawan', 'Karyawan', 'Karyawan', '', ''),
('PP.1210006', 'Karyawan', 'Karyawan', 'Karyawan', '', ''),
('PP.1210008', 'Karyawan', 'Karyawan', 'Karyawan', '', ''),
('PP.1210010', 'Karyawan', 'Karyawan', 'Karyawan', '', ''),
('PP.1210014', 'Karyawan', 'Karyawan', 'Karyawan', '', ''),
('PP.1210015', 'Karyawan', 'Karyawan', 'Karyawan', '', ''),
('PP.1210016', 'Karyawan', 'Karyawan', 'Karyawan', '', ''),
('PP.1210018', 'Karyawan', 'Karyawan', 'Karyawan', '', ''),
('PP.1210019', 'Karyawan', 'Karyawan', 'Karyawan', '', ''),
('PP.1210020', 'Karyawan', 'Karyawan', 'Karyawan', '', ''),
('PP.1210021', 'Karyawan', 'Karyawan', 'Karyawan', '', ''),
('PP.1210022', 'Karyawan', 'Karyawan', 'Karyawan', '', ''),
('PP.1210023', 'Karyawan', 'Karyawan', 'Karyawan', '', ''),
('PP.1210024', 'Karyawan', 'Karyawan', 'Karyawan', '', ''),
('PP.1210025', 'Karyawan', 'Karyawan', 'Karyawan', '', ''),
('PP.1210026', 'Karyawan', 'Karyawan', 'Karyawan', '', ''),
('PP.1210027', 'Karyawan', 'Karyawan', 'Karyawan', '', ''),
('PP.1210028', 'Karyawan', 'Karyawan', 'Karyawan', '', ''),
('PP.1210029', 'Karyawan', 'Karyawan', 'Karyawan', '', ''),
('PP.1210030', 'Karyawan', 'Karyawan', 'Karyawan', '', ''),
('PP.1210031', 'Karyawan', 'Karyawan', 'Karyawan', '', ''),
('PP.1210032', 'Karyawan', 'Karyawan', 'Karyawan', '', ''),
('PP.1306001', 'Karyawan', 'Karyawan', 'Karyawan', '', ''),
('PP.1306003', 'Karyawan', 'Karyawan', 'Karyawan', '', ''),
('PP.1306004', 'Karyawan', 'Karyawan', 'Karyawan', '', ''),
('PP.1306005', 'Karyawan', 'Karyawan', 'Karyawan', '', ''),
('PP.1306006', 'Karyawan', 'Karyawan', 'Karyawan', '', ''),
('PP.1306008', 'Karyawan', 'Karyawan', 'Karyawan', '', ''),
('PP.1306010', 'Karyawan', 'Karyawan', 'Karyawan', '', ''),
('PP.1306011', 'Karyawan', 'Karyawan', 'Karyawan', '', ''),
('PP.1306012', 'Karyawan', 'Karyawan', 'Karyawan', '', ''),
('PP.1306014', 'Karyawan', 'Karyawan', 'Karyawan', '', ''),
('PP.1306015', 'Karyawan', 'Karyawan', 'Karyawan', '', ''),
('PP.1306017', 'Karyawan', 'Karyawan', 'Karyawan', '', ''),
('PP.1311001', 'Karyawan', 'Karyawan', 'Karyawan', '', ''),
('PP.1311003', 'Karyawan', 'Karyawan', 'Karyawan', '', ''),
('PP.1311004', 'Karyawan', 'Karyawan', 'Karyawan', '', ''),
('PP.1311005', 'Karyawan', 'Karyawan', 'Karyawan', '', ''),
('PP.1311006', 'Karyawan', 'Karyawan', 'Karyawan', '', ''),
('PP.1311008', 'Karyawan', 'Karyawan', 'Karyawan', '', ''),
('PP.1311009', 'Karyawan', 'Karyawan', 'Karyawan', '', ''),
('PP.1311014', 'Karyawan', 'Karyawan', 'Karyawan', '', ''),
('PP.1311015', 'Karyawan', 'Karyawan', 'Karyawan', '', ''),
('PP.1311016', 'Karyawan', 'Karyawan', 'Karyawan', '', ''),
('PP.1311017', 'Karyawan', 'Karyawan', 'Karyawan', '', ''),
('PP.1311018', 'Karyawan', 'Karyawan', 'Karyawan', '', ''),
('PP.1311019', 'Karyawan', 'Karyawan', 'Karyawan', '', ''),
('PP.1311020', 'Karyawan', 'Karyawan', 'Karyawan', '', ''),
('PP.1311023', 'Karyawan', 'Karyawan', 'Karyawan', '', ''),
('PP.1311024', 'Karyawan', 'Karyawan', 'Karyawan', '', ''),
('PP.1311028', 'Admin', 'Atasan', 'Karyawan', '', ''),
('PP.1311029', 'Karyawan', 'Karyawan', 'Karyawan', '', ''),
('PP.1311030', 'Karyawan', 'Karyawan', 'Karyawan', '', ''),
('PP.1401001', 'Karyawan', 'Karyawan', 'Karyawan', '', ''),
('PP.1401002', 'Karyawan', 'Karyawan', 'Karyawan', '', ''),
('PP.1406002', 'Karyawan', 'Karyawan', 'Karyawan', '', ''),
('PP.1406003', 'Karyawan', 'Karyawan', 'Karyawan', '', ''),
('PP.1406004', 'Karyawan', 'Karyawan', 'Karyawan', '', ''),
('PP.1406005', 'Karyawan', 'Karyawan', 'Karyawan', '', ''),
('PP.1406006', 'Karyawan', 'Karyawan', 'Karyawan', '', ''),
('PP.1406007', 'Karyawan', 'Karyawan', 'Karyawan', '', ''),
('PP.1406008', 'Karyawan', 'Karyawan', 'Karyawan', '', ''),
('PP.1406010', 'Karyawan', 'Karyawan', 'Karyawan', '', ''),
('PP.1501001', 'Karyawan', 'Karyawan', 'Karyawan', '', ''),
('PP.1501004', 'Karyawan', 'Karyawan', 'Karyawan', '', ''),
('PP.1501005', 'Karyawan', 'Karyawan', 'Karyawan', '', ''),
('PP.1501006', 'Karyawan', 'Karyawan', 'Karyawan', '', ''),
('PP.1501009', 'Karyawan', 'Karyawan', 'Karyawan', '', ''),
('PP.1501010', 'Karyawan', 'Karyawan', 'Karyawan', '', ''),
('PP.1501011', 'Karyawan', 'Karyawan', 'Karyawan', '', ''),
('PP.1501012', 'Karyawan', 'Karyawan', 'Karyawan', '', ''),
('PP.1501014', 'Karyawan', 'Karyawan', 'Karyawan', '', ''),
('PP.1501015', 'Karyawan', 'Karyawan', 'Karyawan', '', ''),
('PP.1501016', 'Karyawan', 'Karyawan', 'Karyawan', '', ''),
('PP.1501017', 'Karyawan', 'Karyawan', 'Karyawan', '', ''),
('PP.1501018', 'Karyawan', 'Karyawan', 'Karyawan', '', ''),
('PP.1501019', 'Karyawan', 'Karyawan', 'Karyawan', '', ''),
('PP.1501020', 'Karyawan', 'Karyawan', 'Karyawan', '', ''),
('PP.1501023', 'Karyawan', 'Karyawan', 'Karyawan', '', ''),
('PP.1501025', 'Karyawan', 'Karyawan', 'Karyawan', '', ''),
('PP.1501026', 'Karyawan', 'Karyawan', 'Karyawan', '', ''),
('PP.1501028', 'Karyawan', 'Karyawan', 'Karyawan', '', ''),
('PP.1501030', 'Karyawan', 'Karyawan', 'Karyawan', '', ''),
('PP.1501031', 'Karyawan', 'Karyawan', 'Karyawan', '', ''),
('PP.1501032', 'Karyawan', 'Karyawan', 'Karyawan', '', ''),
('PP.1501033', 'Karyawan', 'Karyawan', 'Karyawan', '', ''),
('PP.1504001', 'Karyawan', 'Karyawan', 'Karyawan', '', ''),
('PP.1504002', 'Karyawan', 'Karyawan', 'Karyawan', '', ''),
('PP.1611001', 'Karyawan', 'Karyawan', 'Karyawan', '', ''),
('PP.1701001', 'Karyawan', 'Karyawan', 'Karyawan', '', ''),
('PP.1808001', 'Karyawan', 'Karyawan', 'Karyawan', '', ''),
('PP.1808002', 'Karyawan', 'Karyawan', 'Karyawan', '', ''),
('PP.1808003', 'Karyawan', 'Karyawan', 'Karyawan', '', ''),
('PP.1808004', 'Karyawan', 'Karyawan', 'Karyawan', '', ''),
('PP.1808005', 'Karyawan', 'Karyawan', 'Karyawan', '', ''),
('PP.1808006', 'Karyawan', 'Karyawan', 'Karyawan', '', ''),
('PP.1808007', 'Karyawan', 'Karyawan', 'Karyawan', '', ''),
('PP.1808008', 'Karyawan', 'Karyawan', 'Karyawan', '', ''),
('PP.1808009', 'Karyawan', 'Karyawan', 'Karyawan', '', ''),
('PP.1808010', 'Karyawan', 'Karyawan', 'Karyawan', '', ''),
('PP.1808011', 'Karyawan', 'Karyawan', 'Karyawan', '', ''),
('PP.1808012', 'Karyawan', 'Karyawan', 'Karyawan', '', ''),
('PP.1808013', 'Karyawan', 'Karyawan', 'Karyawan', '', ''),
('PP.1808014', 'Karyawan', 'Karyawan', 'Karyawan', '', ''),
('PP.1808015', 'Karyawan', 'Karyawan', 'Karyawan', '', ''),
('PP.1808016', 'Karyawan', 'Karyawan', 'Karyawan', '', ''),
('PP.1808017', 'Karyawan', 'Karyawan', 'Karyawan', '', ''),
('PP.1808018', 'Karyawan', 'Karyawan', 'Karyawan', '', ''),
('PP.1808019', 'Karyawan', 'Karyawan', 'Karyawan', '', ''),
('PP.1808020', 'Karyawan', 'Karyawan', 'Karyawan', '', ''),
('PP.1808021', 'Karyawan', 'Karyawan', 'Karyawan', '', ''),
('PP.1808022', 'Karyawan', 'Karyawan', 'Karyawan', '', ''),
('PP.1808023', 'Karyawan', 'Karyawan', 'Karyawan', '', ''),
('PP.1808024', 'Karyawan', 'Karyawan', 'Karyawan', '', ''),
('PP.1808025', 'Karyawan', 'Karyawan', 'Karyawan', '', ''),
('PP.1808026', 'Karyawan', 'Karyawan', 'Karyawan', '', ''),
('PP.1808027', 'Karyawan', 'Karyawan', 'Karyawan', '', ''),
('PP.1808028', 'Karyawan', 'Karyawan', 'Karyawan', '', ''),
('PP.1808029', 'Karyawan', 'Karyawan', 'Karyawan', '', ''),
('PP.1808030', 'Karyawan', 'Karyawan', 'Karyawan', '', ''),
('PP.1808031', 'Karyawan', 'Karyawan', 'Karyawan', '', ''),
('PP.1808032', 'Karyawan', 'Karyawan', 'Karyawan', '', ''),
('PP.1808033', 'Karyawan', 'Karyawan', 'Karyawan', '', ''),
('PP.1808034', 'Karyawan', 'Karyawan', 'Karyawan', '', ''),
('PP.1808035', 'Karyawan', 'Karyawan', 'Karyawan', '', ''),
('PP.1808036', 'Karyawan', 'Karyawan', 'Karyawan', '', ''),
('PP.1808037', 'Karyawan', 'Karyawan', 'Karyawan', '', ''),
('PP.1808038', 'Karyawan', 'Karyawan', 'Karyawan', '', ''),
('PP.1808039', 'Karyawan', 'Karyawan', 'Karyawan', '', ''),
('PP.1808040', 'Karyawan', 'Karyawan', 'Karyawan', '', ''),
('PP.1808041', 'Karyawan', 'Karyawan', 'Karyawan', '', ''),
('PP.1808042', 'Karyawan', 'Karyawan', 'Karyawan', '', ''),
('PP.1808043', 'Karyawan', 'Karyawan', 'Karyawan', '', ''),
('PP.1808044', 'Karyawan', 'Karyawan', 'Karyawan', '', ''),
('PP.8102067', 'Karyawan', 'Karyawan', 'Karyawan', '', ''),
('PP.8111104', 'Karyawan', 'Karyawan', 'Karyawan', '', ''),
('PP.8408021', 'Karyawan', 'Karyawan', 'Karyawan', '', ''),
('PP.8408022', 'Karyawan', 'Karyawan', 'Karyawan', '', ''),
('PP.8408025', 'Karyawan', 'Karyawan', 'Karyawan', '', ''),
('PP.8408027', 'Karyawan', 'Karyawan', 'Karyawan', '', ''),
('PP.8408029', 'Karyawan', 'Karyawan', 'Karyawan', '', ''),
('PP.8408032', 'Karyawan', 'Karyawan', 'Karyawan', '', ''),
('PP.8408034', 'Karyawan', 'Karyawan', 'Karyawan', '', ''),
('PP.8408037', 'Karyawan', 'Karyawan', 'Karyawan', '', ''),
('PP.8408038', 'Karyawan', 'Karyawan', 'Karyawan', '', ''),
('PP.8408039', 'Karyawan', 'Karyawan', 'Karyawan', '', ''),
('PP.8408040', 'Karyawan', 'Karyawan', 'Karyawan', '', ''),
('PP.8408041', 'Karyawan', 'Karyawan', 'Karyawan', '', ''),
('PP.8408044', 'Karyawan', 'Karyawan', 'Karyawan', '', ''),
('PP.8409052', 'Karyawan', 'Karyawan', 'Karyawan', '', ''),
('PP.8410059', 'Karyawan', 'Karyawan', 'Karyawan', '', ''),
('PP.8410064', 'Karyawan', 'Karyawan', 'Karyawan', '', ''),
('PP.8410091', 'Karyawan', 'Karyawan', 'Karyawan', '', ''),
('PP.8410095', 'Karyawan', 'Karyawan', 'Karyawan', '', ''),
('PP.8410100', 'Karyawan', 'Karyawan', 'Karyawan', '', ''),
('PP.8410101', 'Karyawan', 'Karyawan', 'Karyawan', '', ''),
('PP.8410104', 'Karyawan', 'Karyawan', 'Karyawan', '', ''),
('PP.8410105', 'Karyawan', 'Karyawan', 'Karyawan', '', ''),
('PP.8410108', 'Karyawan', 'Karyawan', 'Karyawan', '', ''),
('PP.8410110', 'Karyawan', 'Karyawan', 'Karyawan', '', ''),
('PP.8411127', 'Karyawan', 'Karyawan', 'Karyawan', '', ''),
('PP.8411136', 'Karyawan', 'Karyawan', 'Karyawan', '', ''),
('PP.8412146', 'Karyawan', 'Karyawan', 'Karyawan', '', ''),
('PP.8412147', 'Karyawan', 'Karyawan', 'Karyawan', '', ''),
('PP.8412149', 'Karyawan', 'Karyawan', 'Karyawan', '', ''),
('PP.8412150', 'Karyawan', 'Karyawan', 'Karyawan', '', ''),
('PP.8412153', 'Karyawan', 'Karyawan', 'Karyawan', '', ''),
('PP.8412175', 'Karyawan', 'Karyawan', 'Karyawan', '', ''),
('PP.8412203', 'Karyawan', 'Karyawan', 'Karyawan', '', ''),
('PP.8412206', 'Karyawan', 'Karyawan', 'Karyawan', '', ''),
('PP.8412209', 'Karyawan', 'Karyawan', 'Karyawan', '', ''),
('PP.8412211', 'Karyawan', 'Karyawan', 'Karyawan', '', ''),
('PP.8412212', 'Karyawan', 'Karyawan', 'Karyawan', '', ''),
('PP.8412213', 'Karyawan', 'Karyawan', 'Karyawan', '', ''),
('PP.8412214', 'Karyawan', 'Karyawan', 'Karyawan', '', ''),
('PP.8412215', 'Karyawan', 'Karyawan', 'Karyawan', '', ''),
('PP.8501001', 'Karyawan', 'Karyawan', 'Karyawan', '', ''),
('PP.8501008', 'Karyawan', 'Karyawan', 'Karyawan', '', ''),
('PP.8502017', 'Karyawan', 'Karyawan', 'Karyawan', '', ''),
('PP.8502019', 'Karyawan', 'Karyawan', 'Karyawan', '', ''),
('PP.8502022', 'Karyawan', 'Karyawan', 'Karyawan', '', ''),
('PP.8504041', 'Karyawan', 'Karyawan', 'Karyawan', '', ''),
('PP.8504051', 'Karyawan', 'Karyawan', 'Karyawan', '', ''),
('PP.8504054', 'Karyawan', 'Karyawan', 'Karyawan', '', ''),
('PP.8504066', 'Karyawan', 'Karyawan', 'Karyawan', '', ''),
('PP.8504067', 'Karyawan', 'Karyawan', 'Karyawan', '', ''),
('PP.8505071', 'Karyawan', 'Karyawan', 'Karyawan', '', ''),
('PP.8505075', 'Karyawan', 'Karyawan', 'Karyawan', '', ''),
('PP.8505078', 'Karyawan', 'Karyawan', 'Karyawan', '', ''),
('PP.8505080', 'Karyawan', 'Karyawan', 'Karyawan', '', ''),
('PP.8506084', 'Karyawan', 'Karyawan', 'Karyawan', '', ''),
('PP.8506085', 'Karyawan', 'Karyawan', 'Karyawan', '', ''),
('PP.8507087', 'Karyawan', 'Karyawan', 'Karyawan', '', ''),
('PP.8507091', 'Karyawan', 'Karyawan', 'Karyawan', '', ''),
('PP.8507092', 'Karyawan', 'Karyawan', 'Karyawan', '', ''),
('PP.8507100', 'Karyawan', 'Karyawan', 'Karyawan', '', ''),
('PP.8507121', 'Karyawan', 'Karyawan', 'Karyawan', '', ''),
('PP.8507125', 'Karyawan', 'Karyawan', 'Karyawan', '', ''),
('PP.8507128', 'Karyawan', 'Karyawan', 'Karyawan', '', ''),
('PP.8507133', 'Karyawan', 'Karyawan', 'Karyawan', '', ''),
('PP.8507140', 'Karyawan', 'Karyawan', 'Karyawan', '', ''),
('PP.8507141', 'Karyawan', 'Karyawan', 'Karyawan', '', ''),
('PP.8508143', 'Karyawan', 'Karyawan', 'Karyawan', '', ''),
('PP.8508144', 'Karyawan', 'Karyawan', 'Karyawan', '', ''),
('PP.8508145', 'Karyawan', 'Karyawan', 'Karyawan', '', ''),
('PP.8508147', 'Karyawan', 'Karyawan', 'Karyawan', '', ''),
('PP.8511170', 'Karyawan', 'Karyawan', 'Karyawan', '', ''),
('PP.8511175', 'Karyawan', 'Karyawan', 'Karyawan', '', ''),
('PP.8601010', 'Karyawan', 'Karyawan', 'Karyawan', '', ''),
('PP.8601013', 'Karyawan', 'Karyawan', 'Karyawan', '', ''),
('PP.8602018', 'Karyawan', 'Karyawan', 'Karyawan', '', ''),
('PP.8602019', 'Karyawan', 'Karyawan', 'Karyawan', '', ''),
('PP.8602020', 'Karyawan', 'Karyawan', 'Karyawan', '', ''),
('PP.8602021', 'Karyawan', 'Karyawan', 'Karyawan', '', ''),
('PP.8602022', 'Karyawan', 'Karyawan', 'Karyawan', '', ''),
('PP.8602025', 'Karyawan', 'Karyawan', 'Karyawan', '', ''),
('PP.8602026', 'Karyawan', 'Karyawan', 'Karyawan', '', ''),
('PP.8602027', 'Karyawan', 'Karyawan', 'Karyawan', '', ''),
('PP.8602028', 'Karyawan', 'Karyawan', 'Karyawan', '', ''),
('PP.8602029', 'Karyawan', 'Karyawan', 'Karyawan', '', ''),
('PP.8602031', 'Karyawan', 'Karyawan', 'Karyawan', '', ''),
('PP.8602034', 'Karyawan', 'Karyawan', 'Karyawan', '', ''),
('PP.8602035', 'Karyawan', 'Karyawan', 'Karyawan', '', ''),
('PP.8602039', 'Karyawan', 'Karyawan', 'Karyawan', '', ''),
('PP.8602042', 'Karyawan', 'Karyawan', 'Karyawan', '', ''),
('PP.8602043', 'Karyawan', 'Karyawan', 'Karyawan', '', ''),
('PP.8602044', 'Karyawan', 'Karyawan', 'Karyawan', '', ''),
('PP.8603052', 'Karyawan', 'Karyawan', 'Karyawan', '', ''),
('PP.8603054', 'Karyawan', 'Karyawan', 'Karyawan', '', ''),
('PP.8603058', 'Karyawan', 'Karyawan', 'Karyawan', '', ''),
('PP.8603059', 'Karyawan', 'Karyawan', 'Karyawan', '', ''),
('PP.8603063', 'Karyawan', 'Karyawan', 'Karyawan', '', ''),
('PP.8604066', 'Karyawan', 'Karyawan', 'Karyawan', '', ''),
('PP.8605072', 'Karyawan', 'Karyawan', 'Karyawan', '', ''),
('PP.8606080', 'Karyawan', 'Karyawan', 'Karyawan', '', ''),
('PP.8705003', 'Karyawan', 'Karyawan', 'Karyawan', '', ''),
('PP.8705004', 'Karyawan', 'Karyawan', 'Karyawan', '', ''),
('PP.8705006', 'Karyawan', 'Karyawan', 'Karyawan', '', ''),
('PP.8705007', 'Karyawan', 'Karyawan', 'Karyawan', '', ''),
('PP.8705008', 'Karyawan', 'Karyawan', 'Karyawan', '', ''),
('PP.8705010', 'Karyawan', 'Karyawan', 'Karyawan', '', ''),
('PP.8705013', 'Karyawan', 'Karyawan', 'Karyawan', '', ''),
('PP.8705014', 'Karyawan', 'Karyawan', 'Karyawan', '', ''),
('PP.8705019', 'Karyawan', 'Karyawan', 'Karyawan', '', ''),
('PP.8705021', 'Karyawan', 'Karyawan', 'Karyawan', '', ''),
('PP.8705024', 'Karyawan', 'Karyawan', 'Karyawan', '', ''),
('PP.8705025', 'Karyawan', 'Karyawan', 'Karyawan', '', ''),
('PP.8705027', 'Karyawan', 'Karyawan', 'Karyawan', '', ''),
('PP.8705029', 'Karyawan', 'Karyawan', 'Karyawan', '', ''),
('PP.8705030', 'Karyawan', 'Karyawan', 'Karyawan', '', ''),
('PP.8705032', 'Karyawan', 'Karyawan', 'Karyawan', '', ''),
('PP.8705033', 'Karyawan', 'Karyawan', 'Karyawan', '', ''),
('PP.8707049', 'Karyawan', 'Karyawan', 'Karyawan', '', ''),
('PP.8707054', 'Karyawan', 'Karyawan', 'Karyawan', '', ''),
('PP.8707055', 'Karyawan', 'Karyawan', 'Karyawan', '', ''),
('PP.8707057', 'Karyawan', 'Karyawan', 'Karyawan', '', ''),
('PP.8707060', 'Karyawan', 'Karyawan', 'Karyawan', '', ''),
('PP.8707062', 'Karyawan', 'Karyawan', 'Karyawan', '', ''),
('PP.8707063', 'Karyawan', 'Karyawan', 'Karyawan', '', ''),
('PP.8707064', 'Karyawan', 'Karyawan', 'Karyawan', '', ''),
('PP.8707066', 'Karyawan', 'Karyawan', 'Karyawan', '', ''),
('PP.8707067', 'Karyawan', 'Karyawan', 'Karyawan', '', ''),
('PP.8707068', 'Karyawan', 'Karyawan', 'Karyawan', '', ''),
('PP.8707069', 'Karyawan', 'Karyawan', 'Karyawan', '', ''),
('PP.8707070', 'Karyawan', 'Karyawan', 'Karyawan', '', ''),
('PP.8707071', 'Karyawan', 'Karyawan', 'Karyawan', '', ''),
('PP.8707072', 'Karyawan', 'Karyawan', 'Karyawan', '', ''),
('PP.8707073', 'Karyawan', 'Karyawan', 'Karyawan', '', ''),
('PP.8707074', 'Karyawan', 'Karyawan', 'Karyawan', '', ''),
('PP.8707075', 'Karyawan', 'Karyawan', 'Karyawan', '', ''),
('PP.8707076', 'Karyawan', 'Karyawan', 'Karyawan', '', ''),
('PP.8707077', 'Karyawan', 'Karyawan', 'Karyawan', '', ''),
('PP.8707078', 'Karyawan', 'Karyawan', 'Karyawan', '', ''),
('PP.8707080', 'Karyawan', 'Karyawan', 'Karyawan', '', ''),
('PP.8707082', 'Karyawan', 'Karyawan', 'Karyawan', '', ''),
('PP.8707084', 'Karyawan', 'Karyawan', 'Karyawan', '', ''),
('PP.8707085', 'Karyawan', 'Karyawan', 'Karyawan', '', ''),
('PP.8707086', 'Karyawan', 'Karyawan', 'Karyawan', '', ''),
('PP.8707087', 'Karyawan', 'Karyawan', 'Karyawan', '', ''),
('PP.8707088', 'Karyawan', 'Karyawan', 'Karyawan', '', ''),
('PP.8707089', 'Karyawan', 'Karyawan', 'Karyawan', '', ''),
('PP.8707091', 'Karyawan', 'Karyawan', 'Karyawan', '', ''),
('PP.8707092', 'Karyawan', 'Karyawan', 'Karyawan', '', ''),
('PP.8707093', 'Karyawan', 'Karyawan', 'Karyawan', '', ''),
('PP.8707095', 'Karyawan', 'Karyawan', 'Karyawan', '', ''),
('PP.8709099', 'Karyawan', 'Karyawan', 'Karyawan', '', ''),
('PP.8709105', 'Karyawan', 'Karyawan', 'Karyawan', '', ''),
('PP.8709107', 'Karyawan', 'Karyawan', 'Karyawan', '', ''),
('PP.8709109', 'Karyawan', 'Karyawan', 'Karyawan', '', ''),
('PP.8709110', 'Karyawan', 'Karyawan', 'Karyawan', '', ''),
('PP.8709111', 'Karyawan', 'Karyawan', 'Karyawan', '', ''),
('PP.8709112', 'Karyawan', 'Karyawan', 'Karyawan', '', ''),
('PP.8709113', 'Karyawan', 'Karyawan', 'Karyawan', '', ''),
('PP.8709114', 'Karyawan', 'Karyawan', 'Karyawan', '', ''),
('PP.8709115', 'Karyawan', 'Karyawan', 'Karyawan', '', ''),
('PP.8709116', 'Karyawan', 'Karyawan', 'Karyawan', '', ''),
('PP.8709118', 'Karyawan', 'Karyawan', 'Karyawan', '', ''),
('PP.8709120', 'Karyawan', 'Karyawan', 'Karyawan', '', ''),
('PP.8709125', 'Karyawan', 'Karyawan', 'Karyawan', '', ''),
('PP.8709127', 'Karyawan', 'Karyawan', 'Karyawan', '', ''),
('PP.8709130', 'Karyawan', 'Karyawan', 'Karyawan', '', ''),
('PP.8709131', 'Karyawan', 'Karyawan', 'Karyawan', '', ''),
('PP.8709132', 'Karyawan', 'Karyawan', 'Karyawan', '', ''),
('PP.8709133', 'Karyawan', 'Karyawan', 'Karyawan', '', ''),
('PP.8711148', 'Karyawan', 'Karyawan', 'Karyawan', '', ''),
('PP.8711151', 'Karyawan', 'Karyawan', 'Karyawan', '', ''),
('PP.8711154', 'Karyawan', 'Karyawan', 'Karyawan', '', ''),
('PP.8712163', 'Karyawan', 'Karyawan', 'Karyawan', '', ''),
('PP.8712164', 'Karyawan', 'Karyawan', 'Karyawan', '', ''),
('PP.8712165', 'Karyawan', 'Karyawan', 'Karyawan', '', ''),
('PP.8712166', 'Karyawan', 'Karyawan', 'Karyawan', '', ''),
('PP.8712168', 'Karyawan', 'Karyawan', 'Karyawan', '', ''),
('PP.8712169', 'Karyawan', 'Karyawan', 'Karyawan', '', ''),
('PP.8712170', 'Karyawan', 'Karyawan', 'Karyawan', '', ''),
('PP.8712171', 'Karyawan', 'Karyawan', 'Karyawan', '', ''),
('PP.8712172', 'Karyawan', 'Karyawan', 'Karyawan', '', ''),
('PP.8712173', 'Karyawan', 'Karyawan', 'Karyawan', '', ''),
('PP.8712175', 'Karyawan', 'Karyawan', 'Karyawan', '', ''),
('PP.8712176', 'Karyawan', 'Karyawan', 'Karyawan', '', ''),
('PP.8712177', 'Karyawan', 'Karyawan', 'Karyawan', '', ''),
('PP.8712181', 'Karyawan', 'Karyawan', 'Karyawan', '', ''),
('PP.8712183', 'Karyawan', 'Karyawan', 'Karyawan', '', ''),
('PP.8712184', 'Karyawan', 'Karyawan', 'Karyawan', '', ''),
('PP.8712188', 'Karyawan', 'Karyawan', 'Karyawan', '', ''),
('PP.8712189', 'Karyawan', 'Karyawan', 'Karyawan', '', ''),
('PP.8712190', 'Karyawan', 'Karyawan', 'Karyawan', '', ''),
('PP.8712191', 'Karyawan', 'Karyawan', 'Karyawan', '', ''),
('PP.8712193', 'Karyawan', 'Karyawan', 'Karyawan', '', ''),
('PP.8803001', 'Karyawan', 'Karyawan', 'Karyawan', '', ''),
('PP.8806007', 'Karyawan', 'Karyawan', 'Karyawan', '', ''),
('PP.8809013', 'Karyawan', 'Karyawan', 'Karyawan', '', ''),
('PP.8809015', 'Karyawan', 'Karyawan', 'Karyawan', '', ''),
('PP.8809017', 'Karyawan', 'Karyawan', 'Karyawan', '', ''),
('PP.8809018', 'Karyawan', 'Karyawan', 'Karyawan', '', ''),
('PP.8809019', 'Karyawan', 'Karyawan', 'Karyawan', '', ''),
('PP.8902008', 'Karyawan', 'Karyawan', 'Karyawan', '', ''),
('PP.8902010', 'Karyawan', 'Karyawan', 'Karyawan', 'SUDAH', ''),
('PP.8902016', 'Karyawan', 'Karyawan', 'Karyawan', '', ''),
('PP.8902019', 'Karyawan', 'Karyawan', 'Karyawan', '', ''),
('PP.8902022', 'Karyawan', 'Karyawan', 'Karyawan', '', ''),
('PP.9006003', 'Karyawan', 'Karyawan', 'Karyawan', '', ''),
('PP.9006004', 'Karyawan', 'Karyawan', 'Karyawan', '', ''),
('PP.9006011', 'Karyawan', 'Karyawan', 'Karyawan', '', ''),
('PP.9011018', 'Karyawan', 'Karyawan', 'Karyawan', '', ''),
('PP.9011020', 'Karyawan', 'Karyawan', 'Karyawan', '', ''),
('PP.9107016', 'Karyawan', 'Karyawan', 'Karyawan', '', ''),
('PP.9107021', 'Karyawan', 'Karyawan', 'Karyawan', '', ''),
('PP.9107027', 'Karyawan', 'Karyawan', 'Karyawan', '', ''),
('PP.9107032', 'Karyawan', 'Karyawan', 'Karyawan', '', ''),
('PP.9201001', 'Karyawan', 'Karyawan', 'Karyawan', '', ''),
('PP.9203004', 'Karyawan', 'Karyawan', 'Karyawan', '', ''),
('PP.9203005', 'Karyawan', 'Karyawan', 'Karyawan', '', ''),
('PP.9203006', 'Karyawan', 'Karyawan', 'Karyawan', '', ''),
('PP.9203008', 'Karyawan', 'Karyawan', 'Karyawan', '', ''),
('PP.9203009', 'Karyawan', 'Karyawan', 'Karyawan', '', ''),
('PP.9203012', 'Karyawan', 'Karyawan', 'Karyawan', '', ''),
('PP.9203013', 'Karyawan', 'Karyawan', 'Karyawan', '', ''),
('PP.9203014', 'Karyawan', 'Karyawan', 'Karyawan', '', ''),
('PP.9203015', 'Karyawan', 'Karyawan', 'Karyawan', '', ''),
('PP.9210018', 'Karyawan', 'Karyawan', 'Karyawan', '', ''),
('PP.9210020', 'Karyawan', 'Karyawan', 'Karyawan', '', ''),
('PP.9210021', 'Karyawan', 'Karyawan', 'Karyawan', '', ''),
('PP.9210023', 'Karyawan', 'Karyawan', 'Karyawan', '', ''),
('PP.9210024', 'Karyawan', 'Karyawan', 'Karyawan', '', ''),
('PP.9210025', 'Karyawan', 'Karyawan', 'Karyawan', '', ''),
('PP.9210026', 'Karyawan', 'Karyawan', 'Karyawan', '', ''),
('PP.9210028', 'Karyawan', 'Karyawan', 'Karyawan', '', ''),
('PP.9210029', 'Karyawan', 'Karyawan', 'Karyawan', '', ''),
('PP.9210036', 'Karyawan', 'Karyawan', 'Karyawan', '', ''),
('PP.9210038', 'Karyawan', 'Karyawan', 'Karyawan', '', ''),
('PP.9211040', 'Karyawan', 'Karyawan', 'Karyawan', '', ''),
('PP.9211041', 'Karyawan', 'Karyawan', 'Karyawan', '', ''),
('PP.9211044', 'Karyawan', 'Karyawan', 'Karyawan', '', ''),
('PP.9306008', 'Karyawan', 'Karyawan', 'Karyawan', '', ''),
('PP.9306009', 'Karyawan', 'Karyawan', 'Karyawan', '', ''),
('PP.9306010', 'Karyawan', 'Karyawan', 'Karyawan', '', ''),
('PP.9306012', 'Karyawan', 'Karyawan', 'Karyawan', '', ''),
('PP.9306014', 'Karyawan', 'Karyawan', 'Karyawan', '', ''),
('PP.9306015', 'Karyawan', 'Karyawan', 'Karyawan', '', ''),
('PP.9306017', 'Karyawan', 'Karyawan', 'Karyawan', '', ''),
('PP.9306018', 'Karyawan', 'Karyawan', 'Karyawan', '', ''),
('PP.9306019', 'Karyawan', 'Karyawan', 'Karyawan', '', ''),
('PP.9306020', 'Karyawan', 'Karyawan', 'Karyawan', '', ''),
('PP.9306026', 'Karyawan', 'Karyawan', 'Karyawan', '', ''),
('PP.9306029', 'Karyawan', 'Karyawan', 'Karyawan', '', ''),
('PP.9306030', 'Karyawan', 'Karyawan', 'Karyawan', '', ''),
('PP.9306035', 'Karyawan', 'Karyawan', 'Karyawan', '', ''),
('PP.9306036', 'Karyawan', 'Karyawan', 'Karyawan', '', ''),
('PP.9306038', 'Karyawan', 'Karyawan', 'Karyawan', '', ''),
('PP.9306039', 'Karyawan', 'Karyawan', 'Karyawan', '', ''),
('PP.9306040', 'Karyawan', 'Karyawan', 'Karyawan', '', ''),
('PP.9306041', 'Karyawan', 'Karyawan', 'Karyawan', '', ''),
('PP.9306045', 'Karyawan', 'Karyawan', 'Karyawan', '', ''),
('PP.9306046', 'Karyawan', 'Karyawan', 'Karyawan', '', ''),
('PP.9306047', 'Karyawan', 'Karyawan', 'Karyawan', '', ''),
('PP.9306050', 'Karyawan', 'Karyawan', 'Karyawan', '', ''),
('PP.9306051', 'Karyawan', 'Karyawan', 'Karyawan', '', ''),
('PP.9306053', 'Karyawan', 'Karyawan', 'Karyawan', '', ''),
('PP.9306057', 'Karyawan', 'Karyawan', 'Karyawan', '', ''),
('PP.9306065', 'Karyawan', 'Karyawan', 'Karyawan', '', ''),
('PP.9309066', 'Karyawan', 'Karyawan', 'Karyawan', '', ''),
('PP.9309071', 'Karyawan', 'Karyawan', 'Karyawan', '', ''),
('PP.9309075', 'Karyawan', 'Karyawan', 'Karyawan', '', ''),
('PP.9309076', 'Karyawan', 'Karyawan', 'Karyawan', '', ''),
('PP.9309077', 'Karyawan', 'Karyawan', 'Karyawan', '', ''),
('PP.9309078', 'Karyawan', 'Karyawan', 'Karyawan', '', ''),
('PP.9402001', 'Karyawan', 'Karyawan', 'Karyawan', '', ''),
('PP.9408002', 'Karyawan', 'Karyawan', 'Karyawan', '', ''),
('PP.9408003', 'Karyawan', 'Karyawan', 'Karyawan', '', ''),
('PP.9408006', 'Karyawan', 'Karyawan', 'Karyawan', '', ''),
('PP.9408007', 'Karyawan', 'Karyawan', 'Karyawan', '', ''),
('PP.9408008', 'Karyawan', 'Karyawan', 'Karyawan', '', ''),
('PP.9408009', 'Karyawan', 'Karyawan', 'Karyawan', '', ''),
('PP.9408010', 'Karyawan', 'Karyawan', 'Karyawan', '', ''),
('PP.9408011', 'Karyawan', 'Karyawan', 'Karyawan', '', ''),
('PP.9408012', 'Karyawan', 'Karyawan', 'Karyawan', '', ''),
('PP.9408013', 'Karyawan', 'Karyawan', 'Karyawan', '', ''),
('PP.9408014', 'Karyawan', 'Karyawan', 'Karyawan', '', ''),
('PP.9408015', 'Karyawan', 'Karyawan', 'Karyawan', '', ''),
('PP.9408018', 'Karyawan', 'Karyawan', 'Karyawan', '', ''),
('PP.9408020', 'Karyawan', 'Karyawan', 'Karyawan', '', ''),
('PP.9408021', 'Karyawan', 'Karyawan', 'Karyawan', '', ''),
('PP.9408022', 'Karyawan', 'Karyawan', 'Karyawan', '', ''),
('PP.9408023', 'Karyawan', 'Karyawan', 'Karyawan', '', ''),
('PP.9408024', 'Karyawan', 'Karyawan', 'Karyawan', '', ''),
('PP.9408025', 'Karyawan', 'Karyawan', 'Karyawan', '', ''),
('PP.9408029', 'Karyawan', 'Karyawan', 'Karyawan', '', ''),
('PP.9408033', 'Karyawan', 'Karyawan', 'Karyawan', '', ''),
('PP.9408034', 'Karyawan', 'Karyawan', 'Karyawan', '', ''),
('PP.9408035', 'Karyawan', 'Karyawan', 'Karyawan', '', ''),
('PP.9408036', 'Karyawan', 'Karyawan', 'Karyawan', '', ''),
('PP.9408037', 'Karyawan', 'Karyawan', 'Karyawan', '', ''),
('PP.9408039', 'Karyawan', 'Karyawan', 'Karyawan', '', ''),
('PP.9408040', 'Karyawan', 'Karyawan', 'Karyawan', '', ''),
('PP.9408041', 'Karyawan', 'Karyawan', 'Karyawan', '', ''),
('PP.9408047', 'Karyawan', 'Karyawan', 'Karyawan', '', ''),
('PP.9408048', 'Karyawan', 'Karyawan', 'Karyawan', '', ''),
('PP.9408050', 'Karyawan', 'Karyawan', 'Karyawan', '', ''),
('PP.9408051', 'Karyawan', 'Karyawan', 'Karyawan', '', ''),
('PP.9408054', 'Karyawan', 'Karyawan', 'Karyawan', '', ''),
('PP.9408055', 'Karyawan', 'Karyawan', 'Karyawan', '', ''),
('PP.9408057', 'Karyawan', 'Karyawan', 'Karyawan', '', ''),
('PP.9408069', 'Karyawan', 'Karyawan', 'Karyawan', '', ''),
('PP.9408070', 'Karyawan', 'Karyawan', 'Karyawan', '', ''),
('PP.9408071', 'Karyawan', 'Karyawan', 'Karyawan', '', ''),
('PP.9408078', 'Karyawan', 'Karyawan', 'Karyawan', '', ''),
('PP.9408079', 'Karyawan', 'Karyawan', 'Karyawan', '', ''),
('PP.9408082', 'Karyawan', 'Karyawan', 'Karyawan', '', ''),
('PP.9411084', 'Karyawan', 'Karyawan', 'Karyawan', '', ''),
('PP.9411087', 'Karyawan', 'Karyawan', 'Karyawan', '', ''),
('PP.9801001', 'Karyawan', 'Karyawan', 'Karyawan', '', ''),
('PP.9801003', 'Karyawan', 'Karyawan', 'Karyawan', '', ''),
('PP.9801005', 'Karyawan', 'Karyawan', 'Karyawan', '', ''),
('PP.9801006', 'Karyawan', 'Karyawan', 'Karyawan', '', ''),
('PP.9801008', 'Karyawan', 'Karyawan', 'Karyawan', '', ''),
('PP.9801009', 'Karyawan', 'Karyawan', 'Karyawan', '', ''),
('PP.9801010', 'Karyawan', 'Karyawan', 'Karyawan', '', ''),
('PP.9801012', 'Karyawan', 'Karyawan', 'Karyawan', '', ''),
('PP.9801013', 'Karyawan', 'Karyawan', 'Karyawan', '', ''),
('PP.9801015', 'Karyawan', 'Karyawan', 'Karyawan', '', ''),
('PP.9801016', 'Karyawan', 'Karyawan', 'Karyawan', '', ''),
('PP.9801017', 'Karyawan', 'Karyawan', 'Karyawan', '', ''),
('PP.9801018', 'Karyawan', 'Karyawan', 'Karyawan', '', '');

-- --------------------------------------------------------

--
-- Table structure for table `tb_karyawan`
--

CREATE TABLE `tb_karyawan` (
  `EXTPES` varchar(50) NOT NULL,
  `NMKECIL` varchar(50) NOT NULL,
  `NAMA` varchar(250) NOT NULL,
  `IDJOB` varchar(250) NOT NULL,
  `TINGKATJABATAN` varchar(250) NOT NULL,
  `E_MAIL` varchar(250) NOT NULL,
  `FIRST_NAME` varchar(250) NOT NULL,
  `PIN` varchar(250) NOT NULL,
  `DIREKT` varchar(250) NOT NULL,
  `NIPEG_UP` varchar(250) NOT NULL,
  `KDKERJ` varchar(250) NOT NULL,
  `DIVISI` varchar(250) NOT NULL,
  `NIPEG` varchar(250) NOT NULL,
  `BAGIAN` varchar(250) NOT NULL,
  `PANGKAT` varchar(250) NOT NULL,
  `JOBTITLE` varchar(250) NOT NULL DEFAULT '',
  `TINGKATAKSES` varchar(250) NOT NULL,
  `URUSAN` varchar(250) NOT NULL
) ENGINE=InnoDB DEFAULT CHARSET=latin1;

--
-- Dumping data for table `tb_karyawan`
--

INSERT INTO `tb_karyawan` (`EXTPES`, `NMKECIL`, `NAMA`, `IDJOB`, `TINGKATJABATAN`, `E_MAIL`, `FIRST_NAME`, `PIN`, `DIREKT`, `NIPEG_UP`, `KDKERJ`, `DIVISI`, `NIPEG`, `BAGIAN`, `PANGKAT`, `JOBTITLE`, `TINGKATAKSES`, `URUSAN`) VALUES
('2604', '', 'A. Imran Rifaldy', '0312015', '11', 'imran.rifaldy@inti.co.id', 'A. ', '2064', 'DIREKTORAT BISNIS', 'PP.9408011', '031201', 'SBU DEFENSE & DIGITAL SERVICE', 'PP.1311001', 'ENGINEERING', 'SENIOR OFFICER', 'AHLI TINGKAT 5 ENGINEERING', '11', ''),
('2862', 'AA', 'Aa Komar Eje', '0900000', '6', 'aakomar@inti.co.id', 'AA ', '1283', 'DIREKTORAT KEUANGAN', 'PP.8507092', '020701', 'CORPORATE FINANCE', 'PP.8507133', 'STRATEGI PENDANAAN', 'SENIOR OFFICER', 'STAF', '11', ''),
('4117', 'AAN', 'Aan Saepudin', '0900000', '6', 'aan.saepudin@inti.co.id', 'AAN ', '941', 'DIREKTORAT BISNIS', 'PP.8809018', '0313022', 'PRODUKSI', 'PP.9306015', 'REKAYASA PRODUKSI', 'OFFICER', 'STAF', '11', 'MANAJEMEN PRODUKSI'),
('2003', '', 'Aar Sumiarsa', '0900000', '6', 'aar.sumiarsa@inti.co.id', 'AAR ', '1521', 'DIREKTORAT UTAMA', 'PP.9006010', '0104011', 'SATUAN PENGAWASAN INTERN', 'PP.9408018', 'PERENCANAAN DAN PENGENDALIAN AUDIT', 'SENIOR OFFICER', 'STAF', '11', 'ADMINISTRASI PERENCANAAN DAN PENGENDALIAN AUDIT'),
('2200', 'FAQIH', 'Abdullah Faqih', '0312015', '11', 'abdullah.faqih@inti.co.id', 'ABDULLAH ', '2042', 'DIREKTORAT BISNIS', 'PP.9408011', '031201', 'SBU DEFENSE & DIGITAL SERVICE', 'PP.1306001', 'ENGINEERING', 'SENIOR OFFICER', 'AHLI TINGKAT 5 ENGINEERING', '11', ''),
('', '', 'Abdurrahman Shiddiq', '0900000', '6', 'abdurrahman.shiddiq@inti.co.id', 'ABDURRAHMAN ', '3389', 'DIREKTORAT KEUANGAN', 'PP.9210038', '020900', 'INFORMATION TECHNOLOGY DAN UMUM', 'PP.1808001', '', 'OFFICER', 'STAF', '', ''),
('2789', '', 'Abdurrohman', '0310032', '4', 'abdur@inti.co.id', 'ABDURROHMAN', '400', 'DIREKTORAT BISNIS', 'PP.9801015', '0310032', 'SBU BROADBAND', 'PP.9306018', 'SERVICE', 'OFFICER', 'KAUR PURNA JUAL', '8', 'PURNA JUAL'),
('2857', '', 'Aceng Mohamad.Jahri', '0900000', '6', 'aceng.jahri@inti.co.id', 'ACENG ', '1268', 'DIREKTORAT KEUANGAN', 'PP.9210038', '020800', 'HUMAN CAPITAL MANAGEMENT & QUALITY', 'PP.8506084', '', 'SENIOR OFFICER', 'STAF', '11', ''),
('2452', '', 'Achmad Sudradjat A', '0900000', '6', 'achmad_sudradjat@inti.co.id', 'ACHMAD ', '895', 'DIREKTORAT BISNIS', 'PP.9210018', '031004', 'SBU BROADBAND', 'PP.8502022', 'KEUANGAN', 'SENIOR OFFICER', 'STAF', '11', ''),
('2852', 'ADHI', 'Adhi Setiawan', '020800', '2', 'adhi.setiawan@inti.co.id', 'ADHI ', '63', 'DIREKTORAT KEUANGAN', 'DD.1403001', '020800', 'HUMAN CAPITAL MANAGEMENT & QUALITY', 'PP.9210038', '', 'ASSISTANT VICE PRESIDENT', 'KADIV HUMAN CAPITAL MANAGEMENT & QUALITY', '4', ''),
('2020', 'ADI', 'Adi Budi Sidin', '0104012', '4', 'adi85@inti.co.id', 'ADI ', '123', 'DIREKTORAT UTAMA', 'PP.9210023', '0104012', 'SATUAN PENGAWASAN INTERN', 'PP.8709125', 'PERENCANAAN DAN PENGENDALIAN AUDIT', 'MANAGER', 'KAUR PENGEMBANGAN AUDIT', '8', 'PENGEMBANGAN AUDIT'),
('', '', 'Adi Dharma', '0900000', '6', 'adi.dharma@inti.co.id', 'ADI ', '3390', 'DIREKTORAT BISNIS', 'PP.0506009', '031000', 'SBU BROADBAND', 'PP.1808002', '', 'OFFICER', 'STAF', '', ''),
('', 'ARIS', 'Adiaris', '030300', '0', 'adiar@inti.co.id', 'ADIARIS', '3043', 'DIREKTORAT BISNIS', 'DD.1702001', '030300', '', 'DD.0903005', '', '', 'DIREKTUR BISNIS', '0', ''),
('2805', '', 'Aditya Daniswara', '0900000', '6', 'aditya.daniswara@inti.co.id', 'ADITYA ', '3186', 'DIREKTORAT KEUANGAN', 'PP.8707089', '020702', 'CORPORATE FINANCE', 'PP.1501001', 'PENDANAAN OPERASIONAL', 'OFFICER', 'STAF', '11', ''),
('2410', 'YANTI', 'Adri Yanti Rivai', '031300', '2', 'adriyanti.rivai@inti.co.id', 'ADRI ', '1842', 'DIREKTORAT BISNIS', 'DD.1712001', '031300', 'PRODUKSI', 'PP.9801001', '', 'SENIOR MANAGER', 'KADIV PRODUKSI', '4', ''),
('2539', 'ANDHY', 'Affandhy Ariffien', '0900000', '6', 'manut@inti.co.id', 'AFFANDHY ', '323', 'DIREKTORAT BISNIS', 'PP.9306029', '031103', 'SBU SMART ENERGY', 'PP.8707088', 'KEUANGAN', 'MANAGER', 'STAF', '11', ''),
('2873', 'RIZAL', 'Afrizal', '0207032', '4', 'afrizal@inti.co.id', 'AFRIZAL', '1596', 'DIREKTORAT KEUANGAN', 'PP.8601010', '0207032', 'CORPORATE FINANCE', 'PP.8707073', 'PAJAK ', 'SENIOR OFFICER', 'KAUR PAJAK 2', '8', 'PAJAK 2'),
('', 'AGUNG', 'Agung Mulyadi', '0900000', '6', 'agung@inti.co.id', 'AGUNG ', '1414', 'DIREKTORAT BISNIS', 'PP.9210018', '031002', 'SBU BROADBAND', 'PP.9306009', 'PROYEK', 'SENIOR OFFICER', 'STAF', '11', ''),
('2435', '', 'Agung Sutrisno', '0900000', '6', 'agungs@inti.co.id', 'AGUNG ', '1259', 'DIREKTORAT KEUANGAN', 'PP.9210038', '020800', 'HUMAN CAPITAL MANAGEMENT & QUALITY', 'PP.8505078', '', 'SENIOR OFFICER', 'STAF', '11', ''),
('2924', '', 'Agus Dedi', '0900000', '6', 'agus.dedi@inti.co.id', 'AGUS ', '1300', 'DIREKTORAT UTAMA', 'PP.9408041', '0105051', 'SEKRETARIS PERUSAHAAN ', 'PP.9408015', 'PUBLIC RELATION', 'SENIOR OFFICER', 'STAF', '11', 'INTERNAL & EKSTERNAL RELATION'),
('2539', '', 'Agus Dedi Heryadi', '0900000', '6', 'agusdh@inti.co.id', 'AGUS ', '959', 'DIREKTORAT BISNIS', 'PP.9210018', '031002', 'SBU BROADBAND', 'PP.8412211', 'PROYEK', 'SENIOR OFFICER', 'STAF', '11', ''),
('', 'AGUS', 'Agus Dwiyantoro', '0313013', '4', 'agus.dwiyantoro@inti.co.id', 'AGUS ', '866', 'DIREKTORAT BISNIS', 'PP.1401002', '0313013', 'PRODUKSI', 'PP.8602018', 'PRODUKSI', 'SENIOR OFFICER', 'KAUR GUDANG PRODUKSI', '11', 'GUDANG PRODUKSI'),
('2690', 'AGUS', 'Agus Fathul Barry', '0312002', '8', 'fathul@inti.co.id', 'AGUS ', '572', 'DIREKTORAT BISNIS', 'PP.9201001', '031200', 'SBU DEFENSE & DIGITAL SERVICE', 'PP.8408029', '', 'MANAGER', 'AHLI TINGKAT 2 ACCOUNT MANAGER DIV. DDS', '11', ''),
('4202', '', 'Agus Kosasih A.K', '0313012', '4', 'agus_kak@inti.co.id', 'AGUS ', '915', 'DIREKTORAT BISNIS', 'PP.1401002', '0313012', 'PRODUKSI', 'PP.8712172', 'PRODUKSI', 'SENIOR OFFICER', 'KAUR QUALITY ASSURANCE', '8', 'QUALITY ASSURANCE'),
('', 'MOOD', 'Agus Mahmud Y.', '0900000', '6', 'mood@inti.co.id', 'AGUS ', '1212', 'DIREKTORAT UTAMA', 'PP.8707092', '0105031', 'SEKRETARIS PERUSAHAAN ', 'PP.8602042', 'PKBL', 'SENIOR OFFICER', 'STAF', '11', 'PERENCANAAN DAN PENGENDALIAN PKBL'),
('', 'AGUS', 'Agus Mulyadi', '0900000', '6', 'agus.mulyadi@inti.co.id', 'AGUS ', '896', 'DIREKTORAT BISNIS', 'PP.9210018', '031002', 'SBU BROADBAND', 'PP.8408040', 'PROYEK', 'MANAGER', 'STAF', '11', ''),
('2605', 'AGUS', 'Agus Mulyadi', '0310014', '10', 'agusm@inti.co.id', 'AGUS ', '1570', 'DIREKTORAT BISNIS', 'PP.0805002', '031001', 'SBU BROADBAND', 'PP.9408008', 'ENGINEERING', 'SENIOR OFFICER', 'AHLI TINGKAT 4 ENGINEERING', '8', ''),
('4630', 'AGUS', 'Agus Rachmat', '0900000', '6', 'agus.rachmat@inti.co.id', 'AGUS ', '1542', 'DIREKTORAT BISNIS', 'PP.9210018', '031002', 'SBU BROADBAND', 'PP.9408035', 'PROYEK', 'SENIOR OFFICER', 'STAF', '11', ''),
('2714', 'AGUS', 'Agus Rahmat', '0310011', '4', 'arah@inti.co.id', 'AGUS ', '1301', 'DIREKTORAT BISNIS', 'PP.0805002', '0310011', 'SBU BROADBAND', 'PP.9306045', 'ENGINEERING', 'OFFICER', 'KAUR PERENCANAAN DAN PENGENDALIAN ENGINEERING', '8', 'PERENCANAAN DAN PENGENDALIAN ENGINEERING'),
('2500', 'AGUS', 'Agus Santoso S.', '0900000', '6', 'agus.santoso@inti.co.id', 'AGUS ', '752', 'DIREKTORAT KEUANGAN', 'DD.1702001', '020800', 'HUMAN CAPITAL MANAGEMENT & QUALITY', 'PP.9211044', '', 'VICE PRESIDENT', 'STAF', '4', ''),
('2781', 'AGUS', 'Agus Sofyan', '0900000', '6', 'sofyan_and@inti.co.id', 'AGUS ', '643', 'DIREKTORAT BISNIS', 'PP.9210018', '031002', 'SBU BROADBAND', 'PP.9408003', 'PROYEK', 'SENIOR OFFICER', 'STAF', '11', ''),
('', '', 'Agus Supardi', '0900000', '6', 'supardi_as@inti.co.id', 'AGUS ', '1413', 'DIREKTORAT BISNIS', 'PP.9210018', '031002', 'SBU BROADBAND', 'PP.8712164', 'PROYEK', 'MANAGER', 'STAF', '11', ''),
('4669', '', 'Agus Supriyanto', '0900000', '6', 'suga@inti.co.id', 'AGUS ', '841', 'DIREKTORAT BISNIS', 'PP.9210018', '031002', 'SBU BROADBAND', 'PP.8809013', 'PROYEK', 'SENIOR MANAGER', 'STAF', '11', ''),
('2704', '', 'Agus Surya', '0900000', '6', 'surya@inti.co.id', 'AGUS ', '970', 'DIREKTORAT UTAMA', 'PP.8707076', '0106022', 'PENGEMBANGAN BISNIS DAN PRODUK', 'PP.9306047', 'PRODUCT MANAGEMENT', 'STAFF', 'STAF', '11', 'REKAYASA DAN DUKUNGAN PRODUK'),
('2724', '', 'Ahmad Aji', '0900000', '6', 'aji@inti.co.id', 'AHMAD ', '1242', 'DIREKTORAT KEUANGAN', 'PP.9210038', '020800', 'HUMAN CAPITAL MANAGEMENT & QUALITY', 'PP.8707072', '', 'SENIOR OFFICER', 'STAF', '11', ''),
('2512', '', 'Ahmad Ridwan Alfaruq', '0311011', '4', 'ahmad.alfaruq@inti.co.id', 'AHMAD ', '3127', 'DIREKTORAT BISNIS', 'PP.9408011', '0311011', 'SBU SMART ENERGY', 'PP.1406004', 'ENGINEERING', 'SENIOR OFFICER', 'KAUR PERENCANAAN DAN PENGENDALIAN ENGINEERING', '', 'PERENCANAAN DAN PENGENDALIAN ENGINEERING'),
('2748', 'AHMAD', 'Ahmad Santosa B.', '0900000', '6', 'ahmad_santosa@inti.co.id', 'AHMAD ', '688', 'DIREKTORAT BISNIS', 'PP.9210018', '031002', 'SBU BROADBAND', 'PP.8709107', 'PROYEK', 'MANAGER', 'STAF', '11', ''),
('3135', 'AHMAD', 'Ahmad Sulaiman A.', '0900000', '6', 'ahmad@inti.co.id', 'AHMAD ', '579', 'DIREKTORAT BISNIS', 'PP.0805001', '031204', 'SBU DEFENSE & DIGITAL SERVICE', 'PP.8712171', 'PENGADAAN', 'SENIOR OFFICER', 'STAF', '11', ''),
('2508', 'AIF', 'Aif Saefudin O.S.', '0900000', '6', 'aip_saepudin@inti.co.id', 'AIF ', '655', 'DIREKTORAT BISNIS', 'PP.9210018', '031002', 'SBU BROADBAND', 'PP.8709110', 'PROYEK', 'SENIOR OFFICER', 'STAF', '11', ''),
('2600', 'AJI', 'Aji Prasojo Reksoprodjo', '031200', '1', 'apreksop@inti.co.id', 'AJI ', '1839', 'DIREKTORAT BISNIS', 'DD.1712001', '031200', 'SBU DEFENSE & DIGITAL SERVICE', 'PP.9201001', '', 'ASSISTANT VICE PRESIDENT', 'KA SBU DEFENSE & DIGITAL SERVICE', '4', ''),
('', '', 'Akmal', '0900000', '6', 'akmal@inti.co.id', 'AKMAL', '1523', 'DIREKTORAT UTAMA', 'PP.8707076', '0106022', 'PENGEMBANGAN BISNIS DAN PRODUK', 'PP.9408033', 'PRODUCT MANAGEMENT', 'OFFICER', 'STAF', '11', 'REKAYASA DAN DUKUNGAN PRODUK'),
('2575', 'ALFIE', 'Alfie Hendryana T.', '031105', '3', 'alfie@inti.co.id', 'ALFIE ', '428', 'DIREKTORAT BISNIS', 'PP.8902010', '031105', 'SBU SMART ENERGY', 'PP.9309075', 'COMMERCIAL', 'SENIOR MANAGER', 'KABAG COMMERCIAL', '6', ''),
('', '', 'Andi Nugroho', '031210', '2', 'andi.nugroho@inti.co.id', 'ANDI ', '1974', 'DIREKTORAT BISNIS', 'DD.1712001', '031200', 'SBU DEFENSE & DIGITAL SERVICE', 'PP.1202002', '', 'SENIOR OFFICER', 'DEPUTI', '6', ''),
('2204', 'ANDI', 'Andi Supriyatna', '0900000', '6', 'andi_265@inti.co.id', 'ANDI ', '986', 'DIREKTORAT KEUANGAN', 'PP.1306015', '0209013', 'INFORMATION TECHNOLOGY DAN UMUM', 'PP.8408037', 'IT SERVICE ', 'SENIOR OFFICER', 'STAF', '8', 'IT INFRASTRUKTUR'),
('2567', '', 'Andina Widyalukita', '0311015', '11', 'andina.widialukita@inti.co.id', 'ANDINA ', '3177', 'DIREKTORAT BISNIS', 'PP.1311006', '031101', 'SBU SMART ENERGY', 'PP.1501004', 'ENGINEERING', 'OFFICER', 'AHLI TINGKAT 5 ENGINEERING', '11', ' '),
('', 'ANDRI', 'Andriyanto', '031000', '1', 'andriyanto@inti.co.id', 'ANDRIYANTO', '1928', 'DIREKTORAT BISNIS', 'DD.1712001', '031000', 'SBU BROADBAND', 'PP.0506009', '', 'MANAGER', 'KA SBU BROADBAND', '4', ''),
('2264', 'ATI', 'Andriyati', '0900000', '6', 'andriyati@inti.co.id', 'ANDRIYATI', '838', 'DIREKTORAT KEUANGAN', 'PP.9408010', '020903', 'INFORMATION TECHNOLOGY DAN UMUM', 'PP.8709118', 'PENGADAAN KORPORASI ', 'SENIOR OFFICER', 'STAF', '11', ' '),
('', '', 'Angga Adhi Perdana', '0312015', '11', 'angga.perdana@inti.co.id', 'ANGGA ', '3212', 'DIREKTORAT BISNIS', 'PP.9408011', '031201', 'SBU DEFENSE & DIGITAL SERVICE', 'PP.1504001', 'ENGINEERING', 'OFFICER', 'AHLI TINGKAT 5 ENGINEERING', '', ''),
('3185', 'ANGGA', 'Angga Hidayat', '0900000', '6', 'angga.hidayat@inti.co.id', 'ANGGA ', '1092', 'DIREKTORAT KEUANGAN', 'PP.9210038', '020800', 'HUMAN CAPITAL MANAGEMENT & QUALITY', 'PP.8506085', '', 'SENIOR OFFICER', 'STAF', '11', ''),
('', '', 'Anggie Gunawan', '01060052', '11', 'anggie.gunawan@inti.co.id', 'ANGGIE ', '2067', 'DIREKTORAT UTAMA', 'PP.9309066', '010600', 'PENGEMBANGAN BISNIS DAN PRODUK', 'PP.1311003', '', 'SENIOR OFFICER', 'AHLI TINGKAT 5 PRODUCT & IT DEVELOPMENT DIV. BANG BIS DAN PROD', '11', ''),
('', '', 'Angih Wanabakti Pabisangan', '0900000', '6', 'angih.wanabakti@inti.co.id', 'ANGIH ', '3167', 'DIREKTORAT BISNIS', 'PP.0805002', '031001', 'SBU BROADBAND', 'PP.1501005', 'ENGINEERING', 'OFFICER', 'STAF', '11', ''),
('2905', 'ANI', 'Ani Setyaningsih', '0105042', '4', 'setya@inti.co.id', 'ANI ', '467', 'DIREKTORAT UTAMA', 'PP.0711002', '0105042', 'SEKRETARIS PERUSAHAAN ', 'PP.8505071', 'BIRO DIREKSI', 'MANAGER', 'KAUR ADMINISTRASI & KEUANGAN', '11', 'ADMINISTRASI & KEUANGAN'),
('2235', '', 'Anissa Dian Pratiwi', '0209012', '4', 'anissa.dian@inti.co.id', 'ANISSA ', '1968', 'DIREKTORAT KEUANGAN', 'PP.9107032', '0209012', 'INFORMATION TECHNOLOGY DAN UMUM', 'PP.1108001', 'IT SERVICE ', 'SENIOR OFFICER', 'KAUR IT QUALITY ASSURANCE', '11', 'IT QUALITY ASSURANCE'),
('', '', 'Anisyadita Ventrinur', '0900000', '6', 'anisyadita.ventrinur@inti.co.id', 'ANISYADITA ', '3391', 'DIREKTORAT UTAMA', 'PP.9309066', '010600', 'PENGEMBANGAN BISNIS DAN PRODUK', 'PP.1808003', '', 'OFFICER', 'STAF', '', ''),
('', '', 'Annisa Zulfa', '0900000', '6', 'annisa.zulfa@inti.co.id', 'ANNISA ', '3392', 'DIREKTORAT BISNIS', 'PP.8902010', '031100', 'SBU SMART ENERGY', 'PP.1808004', '', 'OFFICER', 'STAF', '', ''),
('2739', '', 'Anton Pratama J. K.', '031006', '3', 'anton.pratama@inti.co.id', 'ANTON ', '2068', 'DIREKTORAT BISNIS', 'PP.0506009', '031006', 'SBU BROADBAND', 'PP.1311004', 'COMMERCIAL', 'SENIOR OFFICER', 'KABAG COMMERCIAL', '8', ' '),
('', '', 'Anugrah Jundawijaya', '0900000', '6', 'anugrah.jundawijaya@inti.co.id', 'ANUGRAH ', '3393', 'DIREKTORAT BISNIS', 'PP.8902010', '031100', 'SBU SMART ENERGY', 'PP.1808005', '', 'OFFICER', 'STAF', '', ''),
('', 'ANZAR', 'Anzar Agustian', '0900000', '6', 'anzar@inti.co.id', 'ANZAR ', '1133', 'DIREKTORAT BISNIS', 'PP.0805002', '031001', 'SBU BROADBAND', 'PP.9203009', 'ENGINEERING', 'SENIOR MANAGER', 'STAF', '11', ''),
('', '', 'Apriliene Sidabutar', '0900000', '6', 'apriliene.sidabutar@inti.co.id', 'APRILIENE ', '3394', 'DIREKTORAT BISNIS', 'PP.9801001', '031300', 'PRODUKSI', 'PP.1808006', '', 'OFFICER', 'STAF', '', ''),
('2227', 'ARI', 'Ari Nurtjahja Ws.', '0900000', '6', 'ariws@inti.co.id', 'ARI ', '1843', 'DIREKTORAT KEUANGAN', 'PP.1306015', '020901', 'INFORMATION TECHNOLOGY DAN UMUM', 'PP.9801006', 'IT SERVICE ', 'SENIOR MANAGER', 'STAF', '11', ''),
('2577', 'A R I', 'Ari Sumaryanto', '0900000', '6', 'ari007@inti.co.id', 'ARI ', '1577', 'DIREKTORAT BISNIS', 'PP.9210018', '031002', 'SBU BROADBAND', 'PP.9408036', 'PROYEK', 'SENIOR OFFICER', 'STAF', '8', ''),
('2750', '', 'Ari Taruna Rizki', '0900000', '6', 'ari.rizki@inti.co.id', 'ARI ', '2069', 'DIREKTORAT BISNIS', 'PP.1311004', '031006', 'SBU BROADBAND', 'PP.1311005', 'COMMERCIAL', 'SENIOR OFFICER', 'STAF', '11', ' '),
('4302', 'ARIEF', 'Arief Dwiarso', '0900000', '6', 'ariefdwi@inti.co.id', 'ARIEF ', '1510', 'DIREKTORAT KEUANGAN', 'PP.9309067', '020800', 'HUMAN CAPITAL MANAGEMENT & QUALITY', 'PP.8902019', '', 'SENIOR MANAGER', 'STAF', '4', ''),
('', 'ARIEF', 'Arief Hidayat', '0900000', '6', 'arief@inti.co.id', 'ARIEF ', '1844', 'DIREKTORAT UTAMA', 'PP.9011018', '010501', 'SEKRETARIS PERUSAHAAN ', 'PP.9801009', 'PERENCANAAN DAN PENGENDALIAN STRATEGIS', 'SENIOR MANAGER', 'STAF', '11', ''),
('2319', 'ARIEF', 'Arief Prasetyo', '0900000', '6', 'ariefpra@inti.co.id', 'ARIEF ', '622', 'DIREKTORAT BISNIS', 'PP.9210018', '031002', 'SBU BROADBAND', 'PP.8709109', 'PROYEK', 'MANAGER', 'STAF', '11', ''),
('2509', '', 'Arinda Pratiwi', '0311031', '4', 'arinda.pratiwi@inti.co.id', 'ARINDA ', '2036', 'DIREKTORAT BISNIS', 'PP.9306029', '0311031', 'SBU SMART ENERGY', 'PP.1210027', 'KEUANGAN', 'OFFICER', 'KAUR ADMINISTRASI UMUM DAN PELAPORAN', '8', 'ADMINISTRASI UMUM DAN PELAPORAN'),
('2670', '', 'Arresty Theresia Angelina', '031201', '3', 'arresty.angelina@inti.co.id', 'ARRESTY ', '2070', 'DIREKTORAT BISNIS', 'PP.9201001', '031201', 'SBU DEFENSE & DIGITAL SERVICE', 'PP.1311006', 'ENGINEERING', 'SENIOR OFFICER', 'KABAG ENGINEERING', '8', ''),
('', '', 'Aryo Danurwendo', '0900000', '6', 'aryo.danurwendo@inti.co.id', 'ARYO ', '2031', 'DIREKTORAT BISNIS', 'PP.0805002', '031001', 'SBU BROADBAND', 'PP.1210022', 'ENGINEERING', 'SENIOR OFFICER', 'STAF', '11', ''),
('4638', 'ADHIN', 'Asep Aminudin', '01060042', '10', 'asep.aminudin@inti.co.id', 'ASEP ', '1569', 'DIREKTORAT UTAMA', 'PP.9309066', '010600', 'PENGEMBANGAN BISNIS DAN PRODUK', 'PP.9408007', '', 'SENIOR OFFICER', 'AHLI TINGKAT 4 PRODUCT &  IT DEVELOPMENT DIV. BANG BIS DAN PROD', '11', ''),
('', '', 'Asep Aripin', '0900000', '6', 'asep.aripin@inti.co.id', 'ASEP ', '1482', 'DIREKTORAT BISNIS', 'PP.9210018', '031002', 'SBU BROADBAND', 'PP.9306014', 'PROYEK', 'OFFICER', 'STAF', '11', ''),
('2778', 'ASEP', 'Asep Dedi Kusnadi', '0900000', '6', 'asepdk@inti.co.id', 'ASEP ', '877', 'DIREKTORAT BISNIS', 'PP.8712166', '031005', 'SBU BROADBAND', 'PP.8707055', 'PENGADAAN', 'SENIOR OFFICER', 'STAF', '11', ''),
('', 'ASEP', 'Asep Gunawan', '0900000', '6', 'asgun@inti.co.id', 'ASEP ', '638', 'DIREKTORAT BISNIS', 'PP.1210024', '031102', 'SBU SMART ENERGY', 'PP.8602039', 'PROYEK', 'SENIOR OFFICER', 'STAF', '11', ''),
('2769', 'ASEP', 'Asep Hansipudin', '0900000', '6', 'asep.hansipudin@inti.co.id', 'ASEP ', '633', 'DIREKTORAT KEUANGAN', 'PP.9210038', '020800', 'HUMAN CAPITAL MANAGEMENT & QUALITY', 'PP.8705010', '', 'SENIOR OFFICER', 'STAF', '11', ''),
('2111', 'ASEP IWAN', 'Asep Iwan Suhendar', '020902', '3', 'cibo@inti.co.id', 'ASEP ', '231', 'DIREKTORAT KEUANGAN', 'PP.9210038', '020902', 'INFORMATION TECHNOLOGY DAN UMUM', 'PP.8707074', 'UMUM', 'MANAGER', 'KABAG UMUM', '8', ''),
('2851', '', 'Asep Kusmana W', '0207043', '4', 'asepkusmana@inti.co.id', 'ASEP ', '1178', 'DIREKTORAT KEUANGAN', 'PP.9006003', '0207043', 'CORPORATE FINANCE', 'PP.8504054', 'AKUNTANSI KEUANGAN', 'SENIOR OFFICER', 'KAUR BIAYA DAN PERSEDIAAN', '8', 'BIAYA DAN PERSEDIAAN'),
('', '', 'Asep Mulyana', '0900000', '6', 'asmul65@inti.co.id', 'ASEP ', '851', 'DIREKTORAT KEUANGAN', 'PP.1311028', '020802', 'HUMAN CAPITAL MANAGEMENT & QUALITY', 'PP.8602021', 'HR DEVELOPMENT', 'SENIOR OFFICER', 'STAF', '11', ''),
('2342', 'ASEP', 'Asep Sukmana', '0900000', '6', 'sukma@inti.co.id', 'ASEP ', '984', 'DIREKTORAT KEUANGAN', 'PP.9210038', '020800', 'HUMAN CAPITAL MANAGEMENT & QUALITY', 'PP.8410110', '', 'OFFICER', 'STAF', '11', ''),
('', '', 'Asep Syamsuri', '0209021', '4', 'syamsuri@inti.co.id', 'ASEP ', '1050', 'DIREKTORAT KEUANGAN', 'PP.8707074', '0209021', 'INFORMATION TECHNOLOGY DAN UMUM', 'PP.8412206', 'UMUM', 'SENIOR OFFICER', 'KAUR OPTIMALISASI PROPERTI ', '11', 'OPTIMALISASI PROPERTI '),
('2435', 'ASEP', 'Asep Wawan K.', '0900000', '6', 'asep.kusdarana@inti.co.id', 'ASEP ', '534', 'DIREKTORAT BISNIS', 'PP.8712166', '031005', 'SBU BROADBAND', 'PP.8705033', 'PENGADAAN', 'SENIOR OFFICER', 'STAF', '11', ''),
('2620', 'TIAS', 'Asti Aswarawati', '0310004', '10', 'asti@inti.co.id', 'ASTI ', '1572', 'DIREKTORAT BISNIS', 'PP.0506009', '031000', 'SBU BROADBAND', 'PP.9408025', '', 'SENIOR OFFICER', 'AHLI TINGKAT 4 ACCOUNT MANAGER DIV. BBD', '11', ''),
('2836', '', 'Astira Aprilia', '0207031', '4', 'astira.aprilia@inti.co.id', 'ASTIRA ', '3194', 'DIREKTORAT KEUANGAN', 'PP.8601010', '0207031', 'CORPORATE FINANCE', 'PP.1501006', 'PAJAK ', 'OFFICER', 'KAUR PAJAK 1', '11', 'PAJAK 1'),
('', '', 'Atep Kusmayadi Hamim', '0900000', '6', 'atep@inti.co.id', 'ATEP ', '931', 'DIREKTORAT BISNIS', 'PP.9210018', '031002', 'SBU BROADBAND', 'PP.8412214', 'PROYEK', 'SENIOR OFFICER', 'STAF', '11', ''),
('2818', 'ATIK', 'Atik Sartika E', '0900000', '6', 'atik@inti.co.id', 'ATIK ', '87', 'DIREKTORAT KEUANGAN', 'PP.8707087', '020701', 'CORPORATE FINANCE', 'PP.8712190', 'STRATEGI PENDANAAN', 'SENIOR OFFICER', 'STAF', '11', ''),
('2002', 'AYIE', 'Ayi Dadi Cipta Ganda', '0104005', '11', 'ayi.ciptaganda@inti.co.id', 'AYI ', '489', 'DIREKTORAT UTAMA', 'PP.9107021', '010400', 'SATUAN PENGAWASAN INTERN', 'PP.8411127', '', 'MANAGER', 'AHLI TINGKAT 5 AUDIT', '11', ''),
('', '', 'Bayu Aditia', '0900000', '6', 'bayu.aditia@inti.co.id', 'BAYU ', '3395', 'DIREKTORAT UTAMA', 'PP.9309066', '010600', 'PENGEMBANGAN BISNIS DAN PRODUK', 'PP.1808007', '', 'OFFICER', 'STAF', '', ''),
('2065', '', 'Beben Mochamad Akbar Perkasa', '01060042', '10', 'beben.perkasa@inti.co.id', 'BEBEN ', '2072', 'DIREKTORAT UTAMA', 'PP.9309066', '010600', 'PENGEMBANGAN BISNIS DAN PRODUK', 'PP.1311008', '', 'SENIOR OFFICER', 'AHLI TINGKAT 4 PRODUCT &  IT DEVELOPMENT DIV. BANG BIS DAN PROD', '11', ''),
('', '', 'Benediktus Eka Setiawan', '0310015', '11', 'benediktus.setiawan@inti.co.id', 'BENEDIKTUS ', '2073', 'DIREKTORAT BISNIS', 'PP.0805002', '031001', 'SBU BROADBAND', 'PP.1311009', 'ENGINEERING', 'SENIOR OFFICER', 'AHLI TINGKAT 5 ENGINEERING', '11', ''),
('2022', 'BO', 'Bontang Prasojo', '010504', '3', 'bontang@inti.co.id', 'BONTANG ', '1934', 'DIREKTORAT UTAMA', 'PP.9011018', '010504', 'SEKRETARIS PERUSAHAAN ', 'PP.0711002', 'BIRO DIREKSI', 'OFFICER', 'KABAG BIRO DIREKSI', '11', ''),
('2913', 'BUDHI', 'Budhi Rahardja', 'Z2012500D', '6', 'boedt@inti.co.id', 'BUDHI ', '1148', 'DIREKTORAT KEUANGAN', 'DD.1702001', '020800', 'HUMAN CAPITAL MANAGEMENT & QUALITY', 'PP.9210020', '', 'SENIOR MANAGER', 'DIREKTUR PT IBP', '6', ''),
('2708', 'BUDI', 'Budi Darmawan', '0310012A', '8', 'budi.darmawan@inti.co.id', 'BUDI ', '898', 'DIREKTORAT BISNIS', 'PP.0805002', '031001', 'SBU BROADBAND', 'PP.9203012', 'ENGINEERING', 'SENIOR MANAGER', 'AHLI TINGKAT 2 ENGINEERING', '6', ''),
('2206', '', 'Canidya Alifiana', '0900000', '6', 'canidya.alifiana@inti.co.id', 'CANIDYA ', '3396', 'DIREKTORAT KEUANGAN', 'PP.9210038', '020900', 'INFORMATION TECHNOLOGY DAN UMUM', 'PP.1808008', '', 'OFFICER', 'STAF', '', ''),
('2029', 'CECEP', 'Cecep Jamaludin', '0106022', '4', 'cep@inti.co.id', 'CECEP ', '532', 'DIREKTORAT UTAMA', 'PP.0711005', '0106022', 'PENGEMBANGAN BISNIS DAN PRODUK', 'PP.8707076', 'PRODUCT MANAGEMENT', 'MANAGER', 'KAUR REKAYASA DAN DUKUNGAN PRODUK', '8', 'REKAYASA DAN DUKUNGAN PRODUK'),
('4725', 'CECEP', 'Cecep Supriatna', '0900000', '6', 'ccp@inti.co.id', 'CECEP ', '664', 'DIREKTORAT BISNIS', 'PP.8712172', '0313012', 'PRODUKSI', 'PP.9408013', 'PRODUKSI', 'SENIOR OFFICER', 'STAF', '8', 'QUALITY ASSURANCE'),
('2666', '', 'Chandra J. Limbong', '0900000', '6', 'chandra.limbong@inti.co.id', 'CHANDRA ', '2039', 'DIREKTORAT BISNIS', 'PP.1210024', '031202', 'SBU DEFENSE & DIGITAL SERVICE', 'PP.1210030', 'PROYEK', 'OFFICER', 'STAF', '11', ''),
('', '', 'Chandra Susanto', '0900000', '6', 'chandra.st@inti.co.id', 'CHANDRA ', '1153', 'DIREKTORAT BISNIS', 'PP.9210018', '031002', 'SBU BROADBAND', 'PP.8712191', 'PROYEK', 'SENIOR OFFICER', 'STAF', '11', ''),
('', '', 'Csyntya Meliany Putri', '0900000', '6', 'csyntya.putri@inti.co.id', 'CSYNTYA ', '3397', 'DIREKTORAT BISNIS', 'PP.9201001', '031200', 'SBU DEFENSE & DIGITAL SERVICE', 'PP.1808009', '', 'OFFICER', 'STAF', '', ''),
('2231', '', 'Cucu Juanda', '0900000', '6', 'cu2@inti.co.id', 'CUCU ', '834', 'DIREKTORAT KEUANGAN', 'PP.8412206', '020902', 'INFORMATION TECHNOLOGY DAN UMUM', 'PP.8603054', 'UMUM', 'SENIOR OFFICER', 'STAF', '11', ''),
('4630', '', 'Cucu Wahyudinata', '0900000', '6', 'cucu.w@inti.co.id', 'CUCU ', '955', 'DIREKTORAT UTAMA', 'PP.8707076', '0106022', 'PENGEMBANGAN BISNIS DAN PRODUK', 'PP.8410105', 'PRODUCT MANAGEMENT', 'SENIOR OFFICER', 'STAF', '11', 'REKAYASA DAN DUKUNGAN PRODUK'),
('2616', 'DADAH', 'Dadah Jubaedah', '0900000', '6', 'dadah@inti.co.id', 'DADAH ', '615', 'DIREKTORAT BISNIS', 'PP.1501030', '0312021', 'SBU DEFENSE & DIGITAL SERVICE', 'PP.9408071', 'PROYEK', 'STAFF', 'STAF', '11', 'PERENCANAAN DAN PENGENDALIAN PROYEK'),
('2057', 'DADAN', 'Dadan Hidayat', '0900000', '6', 'suci@inti.co.id', 'DADAN ', '1541', 'DIREKTORAT UTAMA', 'PP.9408012', '0106012', 'PENGEMBANGAN BISNIS DAN PRODUK', 'PP.8707091', 'PRODUCT DEVELOPMENT SUPPORT', 'SENIOR OFFICER', 'STAF', '8', 'DOKUMEN PENGEMBANGAN '),
('3115', '', 'Dadan Subardan', '0900000', '6', 'dadans@inti.co.id', 'DADAN ', '1156', 'DIREKTORAT BISNIS', 'PP.9309077', '031104', 'SBU SMART ENERGY', 'PP.8408027', 'PENGADAAN', 'SENIOR OFFICER', 'STAF', '11', ''),
('2863', 'DADANG', 'Dadang Achmad Haedar', '0900000', '6', 'haedar@inti.co.id', 'DADANG ', '1846', 'DIREKTORAT KEUANGAN', 'PP.9210038', '020800', 'HUMAN CAPITAL MANAGEMENT & QUALITY', 'PP.9801010', '', 'SENIOR MANAGER', 'STAF', '6', ''),
('4205', 'DADANG', 'Dadang Hidayat', '0900000', '6', 'dadang.hidayat@inti.co.id', 'DADANG ', '1566', 'DIREKTORAT BISNIS', 'PP.8809018', '0313022', 'PRODUKSI', 'PP.8705021', 'REKAYASA PRODUKSI', 'SENIOR OFFICER', 'STAF', '8', 'MANAJEMEN PRODUKSI'),
('2816', 'DADANG', 'Dadang Junaedi', '0900000', '6', 'dank@inti.co.id', 'DADANG ', '1215', 'DIREKTORAT KEUANGAN', 'PP.1501033', '020802', 'HUMAN CAPITAL MANAGEMENT & QUALITY', 'PP.8602034', 'HR DEVELOPMENT', 'SENIOR OFFICER', 'STAF', '11', ''),
('2427', '', 'Dadang Mukti', '01060031', '9', 'dado@inti.co.id', 'DADANG ', '471', 'DIREKTORAT UTAMA', 'PP.9309066', '010600', 'PENGEMBANGAN BISNIS DAN PRODUK', 'PP.9309078', '', 'SENIOR MANAGER', 'AHLI TINGKAT 3 BUSINESS DEVELOPMENT DIV. BANG BIS DAN PROD', '4', ''),
('2663', 'DADANG', 'Dadang Mulyana', '0900000', '6', 'dmul@inti.co.id', 'DADANG ', '533', 'DIREKTORAT BISNIS', 'PP.0805001', '031205', 'SBU DEFENSE & DIGITAL SERVICE', 'PP.8707070', 'COMMERCIAL', 'SENIOR OFFICER', 'STAF', '11', ''),
('2733', 'DADANG', 'Dadang Rukhiyatna', '0310051', '4', 'dadang_r@inti.co.id', 'DADANG ', '1137', 'DIREKTORAT BISNIS', 'PP.8712166', '0310051', 'SBU BROADBAND', 'PP.8511170', 'PENGADAAN', 'SENIOR OFFICER', 'KAUR PERENCANAAN DAN PENGENDALIAAN PENGADAAN', '8', 'PERENCANAAN DAN PENGENDALIAAN PENGADAAN'),
('', '', 'Dadang Tresnawan', '0900000', '6', 'tresna@inti.co.id', 'DADANG ', '1517', 'DIREKTORAT BISNIS', 'PP.9801015', '031003', 'SBU BROADBAND', 'PP.8705024', 'SERVICE', 'SENIOR OFFICER', 'STAF', '11', ''),
('2852', '', 'Dahya Sahdi', '0900000', '6', 'dahya@inti.co.id', 'DAHYA ', '1172', 'DIREKTORAT KEUANGAN', 'PP.1501006', '020701', 'CORPORATE FINANCE', 'PP.8410064', 'STRATEGI PENDANAAN', 'SENIOR OFFICER', 'STAF', '11', ''),
('4726', 'DANA', 'Dana Suhendar', '0900000', '6', 'dna@inti.co.id', 'DANA ', '1571', 'DIREKTORAT BISNIS', 'PP.1210024', '031102', 'SBU SMART ENERGY', 'PP.9408024', 'PROYEK', 'SENIOR OFFICER', 'STAF', '11', ''),
('2938', '', 'Dani Prasetya', '0105052', '4', 'dani.prasetya@inti.co.id', 'DANI ', '2045', 'DIREKTORAT UTAMA', 'PP.1202012', '0105052', 'SEKRETARIS PERUSAHAAN ', 'PP.1306003', 'PUBLIC RELATION', 'SENIOR OFFICER', 'KAUR MEDIA HANDLING & MARKETING SUPPORT', '11', 'MEDIA HANDLING & MARKETING SUPPORT'),
('2401', 'DANI', 'Dani Ridwan', '0900000', '6', 'dani@inti.co.id', 'DANI ', '412', 'DIREKTORAT BISNIS', 'PP.8707066', '0312051', 'SBU DEFENSE & DIGITAL SERVICE', 'PP.8707075', 'COMMERCIAL', 'MANAGER', 'STAF', '11', 'SALES ADMINITRATION'),
('2731', 'DARMA', 'Darma Nugraha', '031001', '3', 'darma.nugraha@inti.co.id', 'DARMA ', '1935', 'DIREKTORAT BISNIS', 'PP.0506009', '031001', 'SBU BROADBAND', 'PP.0805002', 'ENGINEERING', 'SENIOR OFFICER', 'KABAG ENGINEERING', '6', ''),
('', '', 'Darman Mappangara', '010100', '0', 'darman.mappangara@inti.co.id', 'DARMAN ', '3334', 'DIREKTORAT UTAMA', '', '010100', '', 'DD.1702001', '', 'SENIOR VICE PRESIDENT', 'DIREKTUR UTAMA', '', ''),
('3101', 'DARYA', 'Darya Oneng', '0900000', '6', 'darya@inti.co.id', 'DARYA ', '1481', 'DIREKTORAT KEUANGAN', 'PP.8603059', '020901', 'INFORMATION TECHNOLOGY DAN UMUM', 'PP.9306012', 'IT SERVICE ', 'SENIOR OFFICER', 'STAF', '11', ''),
('2577', '', 'Deddy Suhendar K.', '0900000', '6', 'suhe@inti.co.id', 'DEDDY ', '448', 'DIREKTORAT BISNIS', 'PP.9306029', '031103', 'SBU SMART ENERGY', 'PP.8712193', 'KEUANGAN', 'SENIOR OFFICER', 'STAF', '11', ''),
('3135', 'DEDE', 'Dede Rukmana Samhuri', '0900000', '6', 'dede.rukmana@inti.co.id', 'DEDE ', '829', 'DIREKTORAT BISNIS', 'PP.9309077', '031104', 'SBU SMART ENERGY', 'PP.8603052', 'PENGADAAN', 'SENIOR OFFICER', 'STAF', '11', ''),
('3201', 'DEDE', 'Dede Sudarma', '0900000', '6', 'dede.sudarma@inti.co.id', 'DEDE ', '386', 'DIREKTORAT BISNIS', 'PP.9309077', '031104', 'SBU SMART ENERGY', 'PP.8501001', 'PENGADAAN', 'SENIOR OFFICER', 'STAF', '11', ''),
('2539', '', 'Dedi S. Jakaria', '0900000', '6', 'dsj@inti.co.id', 'DEDI ', '503', 'DIREKTORAT BISNIS', 'PP.9210018', '031002', 'SBU BROADBAND', 'PP.8507100', 'PROYEK', 'SENIOR OFFICER', 'STAF', '11', ''),
('', '', 'Dedi Suhendi', '0900000', '6', 'dedis@inti.co.id', 'DEDI ', '1546', 'DIREKTORAT BISNIS', 'PP.9210018', '031002', 'SBU BROADBAND', 'PP.8707063', 'PROYEK', 'SENIOR OFFICER', 'STAF', '8', ''),
('3131', '', 'Dedi Supriadi Roji', '0312043', '4', 'dedi.supriadi@inti.co.id', 'DEDI ', '981', 'DIREKTORAT BISNIS', 'PP.8508143', '0312043', 'SBU DEFENSE & DIGITAL SERVICE', 'PP.9306057', 'PENGADAAN', 'OFFICER', 'KAUR MATERIAL MANAGEMENT', '8', 'MATERIAL MANAGEMENT'),
('2224', 'DEDI', 'Dedi Supriadi W', '0209031', '4', 'dsp@inti.co.id', 'DEDI ', '1294', 'DIREKTORAT KEUANGAN', 'PP.8712189', '0209031', 'INFORMATION TECHNOLOGY DAN UMUM', 'PP.9408010', 'PENGADAAN KORPORASI ', 'SENIOR OFFICER', 'KAUR PERENCANAAN DAN PENGENDALIAN PENGADAAN', '8', 'PERENCANAAN DAN PENGENDALIAN PENGADAAN'),
('2429', 'DENI', 'Deni Jatnika', '0900000', '6', 'jatnika@inti.co.id', 'DENI ', '1126', 'DIREKTORAT BISNIS', 'PP.9210018', '031002', 'SBU BROADBAND', 'PP.9203008', 'PROYEK', 'SENIOR MANAGER', 'STAF', '11', ''),
('2835', '', 'Desi Kaniawati Rizqi', '0207052', '4', 'desi.rizqi@inti.co.id', 'DESI ', '1999', 'DIREKTORAT KEUANGAN', 'PP.9210021', '0207052', 'CORPORATE FINANCE', 'PP.1202005', 'AKUNTANSI MANAJEMEN', 'SENIOR OFFICER', 'KAUR ANALISIS LAPORAN KEUANGAN & PERENCANAAN  PENGENDALIAN ANGGARAN ', '8', 'ANALISIS LAP.KEUANGAN & RENDAL ANGGARAN'),
('2815', '', 'Desiadeliana', '0900000', '6', 'desi@inti.co.id', 'DESIADELIANA', '481', 'DIREKTORAT KEUANGAN', 'PP.9309067', '020800', 'HUMAN CAPITAL MANAGEMENT & QUALITY', 'PP.8902008', '', 'MANAGER', 'STAF', '6', ''),
('', '', 'Dewi Hajar Birlanti', '0900000', '6', 'dewi.birlanti@inti.co.id', 'DEWI ', '3398', 'DIREKTORAT UTAMA', 'PP.9107021', '010400', 'SATUAN PENGAWASAN INTERN', 'PP.1808010', '', 'OFFICER', 'STAF', '', ''),
('2009', 'EMFRANK', 'Dhani Purwito', '0104004', '10', 'dhani@inti.co.id', 'DHANI ', '47', 'DIREKTORAT UTAMA', 'PP.9107021', '010400', 'SATUAN PENGAWASAN INTERN', 'PP.8707064', '', 'MANAGER', 'AHLI TINGKAT 4 AUDIT', '6', ''),
('', '', 'Dhany Sutrisna', '0900000', '6', 'dhany@inti.co.id', 'DHANY ', '1513', 'DIREKTORAT BISNIS', 'PP.9210018', '031002', 'SBU BROADBAND', 'PP.8408039', 'PROYEK', 'MANAGER', 'STAF', '11', ''),
('2625', 'ANDA', 'Dharma Harianda', '0900000', '6', 'dharma.harianda@inti.co.id', 'DHARMA ', '1936', 'DIREKTORAT BISNIS', 'PP.1311015', '0312052', 'SBU DEFENSE & DIGITAL SERVICE', 'PP.0711003', 'COMMERCIAL', 'SENIOR OFFICER', 'STAF', '11', 'SAELS SUPPORT'),
('2200', 'DHONI', 'Dhoni Gumilar Daradjat', '0900000', '6', 'dhonigd@inti.co.id', 'DHONI ', '1937', 'DIREKTORAT KEUANGAN', 'PP.1306015', '020901', 'INFORMATION TECHNOLOGY DAN UMUM', 'PP.0711004', 'IT SERVICE ', 'SENIOR OFFICER', 'STAF', '8', ''),
('2811', '', 'Diah Nur Kusumawardhani', '0208023', '4', 'diah.kusumawardani@inti.co.id', 'DIAH ', '3051', 'DIREKTORAT KEUANGAN', 'PK.1804001', '0208023', 'HUMAN CAPITAL MANAGEMENT & QUALITY', 'PP.1501033', 'HR DEVELOPMENT', 'OFFICER', 'KAUR PENGEMBANGAN SDM', '', 'PENGEMBANGAN SDM'),
('', '', 'Dian Kurniati Rahayu', '0900000', '6', 'dian.rahayu@inti.co.id', 'DIAN ', '3331', 'DIREKTORAT BISNIS', 'PP.9801015', '031003', 'SBU BROADBAND', 'PK.1701002', 'SERVICE', 'OFFICER', 'STAF', '', ''),
('2420', 'DIAN', 'Dian Marfini', '0900000', '6', 'dian@inti.co.id', 'DIAN ', '1534', 'DIREKTORAT UTAMA', 'PP.1210005', '0106011', 'PENGEMBANGAN BISNIS DAN PRODUK', 'PP.8605072', 'PRODUCT DEVELOPMENT SUPPORT', 'SENIOR OFFICER', 'STAF', '11', 'ADMINISTRASI UMUM'),
('', '', 'Diana Handaruni', '031002', '3', 'diana@inti.co.id', 'DIANA ', '853', 'DIREKTORAT BISNIS', 'PP.0506009', '031002', 'SBU BROADBAND', 'PP.9210018', 'PROYEK', 'SENIOR MANAGER', 'KABAG PROYEK', '6', ''),
('2420', 'DIDIK', 'Didik Pebrianto', 'Z2012500B', '6', 'didik@inti.co.id', 'DIDIK ', '097', 'DIREKTORAT KEUANGAN', 'DD.1702001', '020800', 'HUMAN CAPITAL MANAGEMENT & QUALITY', 'PP.9011020', '', 'VICE PRESIDENT', 'DIREKTUR PT IPMS', '9', ''),
('2028', '', 'Didin Khoerudin', '0900000', '6', 'duade@inti.co.id', 'DIDIN ', '906', 'DIREKTORAT UTAMA', 'PP.8707076', '0106022', 'PENGEMBANGAN BISNIS DAN PRODUK', 'PP.9408022', 'PRODUCT MANAGEMENT', 'SENIOR OFFICER', 'STAF', '11', 'REKAYASA DAN DUKUNGAN PRODUK'),
('2565', 'DIDIN', 'Didin Rosyidin', '0900000', '6', 'drs@inti.co.id', 'DIDIN ', '1164', 'DIREKTORAT BISNIS', 'PP.9309075', '031104', 'SBU SMART ENERGY', 'PP.9306040', 'PENGADAAN', 'OFFICER', 'STAF', '8', ''),
('2703', '', 'Dinny Nur Pratiwi', '0310041', '4', 'dinny.pratiwi@inti.co.id', 'DINNY ', '2005', 'DIREKTORAT BISNIS', 'PP.8809019', '0310041', 'SBU BROADBAND', 'PP.1202009', 'KEUANGAN', 'SENIOR OFFICER', 'KAUR ADMINISTRASI UMUM DAN PELAPORAN', '8', 'ADMINISTRASI UMUM DAN PELAPORAN'),
('2269', '', 'Djaja Sumantri', '0900000', '6', 'jaya@inti.co.id', 'DJAJA ', '837', 'DIREKTORAT KEUANGAN', 'PP.9408010', '020903', 'INFORMATION TECHNOLOGY DAN UMUM', 'PP.8504066', 'PENGADAAN KORPORASI ', 'SENIOR OFFICER', 'STAF', '11', ' '),
('2656', 'DJUHAR', 'Djuhartono', '031202', '3', 'djuhartono@inti.co.id', 'DJUHARTONO', '1598', 'DIREKTORAT BISNIS', 'PP.9201001', '031202', 'SBU DEFENSE & DIGITAL SERVICE', 'PP.9411084', 'PROYEK', 'MANAGER', 'KABAG PROYEK', '6', ''),
('', '', 'Dodi Jokomono', '0900000', '6', 'jokomono@inti.co.id', 'DODI ', '544', 'DIREKTORAT KEUANGAN', 'PP.9210038', '020800', 'HUMAN CAPITAL MANAGEMENT & QUALITY', 'PP.8408021', '', 'MANAGER', 'STAF', '11', ''),
('3136', 'BADRUZ', 'Dudu Badruzaman', '0900000', '6', 'dudu@inti.co.id', 'DUDU ', '1594', 'DIREKTORAT BISNIS', 'PP.9210018', '031002', 'SBU BROADBAND', 'PP.8602020', 'PROYEK', 'SENIOR OFFICER', 'STAF', '11', ''),
('2748', '', 'Dudung Saputra Udi', '0900000', '6', 'dudung@inti.co.id', 'DUDUNG ', '1094', 'DIREKTORAT BISNIS', 'PP.9210018', '031002', 'SBU BROADBAND', 'PP.8507140', 'PROYEK', 'SENIOR OFFICER', 'STAF', '11', ''),
('4117', 'DWI', 'Dwi Akto Widiyono', '0313022', '4', 'akto@inti.co.id', 'DWI ', '872', 'DIREKTORAT BISNIS', 'PP.8809018', '0313022', 'PRODUKSI', 'PP.8705007', 'REKAYASA PRODUKSI', 'MANAGER', 'KAUR MANAJEMEN PRODUKSI', '8', 'MANAJEMEN PRODUKSI'),
('2784', 'DODO', 'Dwi W. Widodo', '0310003', '9', 'widodo@inti.co.id', 'DWI ', '747', 'DIREKTORAT BISNIS', 'PP.0506009', '031000', 'SBU BROADBAND', 'PP.9210026', '', 'ASSISTANT VICE PRESIDENT', 'AHLI TINGKAT 3 ACCOUNT MANAGER DIV. BBD', '11', ''),
('2377', 'EFFENDI', 'Effendy  Mm', '0900000', '6', 'effendi.armawan@inti.co.id', 'EFFENDY ', '339', 'DIREKTORAT KEUANGAN', 'PP.9210038', '020800', 'HUMAN CAPITAL MANAGEMENT & QUALITY', 'PP.8711154', '', 'ASSISTANT VICE PRESIDENT', 'STAF', '4', ''),
('4431', 'EKO', 'Eko Sulistiyono', '010602', '3', 'ekos@inti.co.id', 'EKO ', '1940', 'DIREKTORAT UTAMA', 'PP.9309066', '010602', 'PENGEMBANGAN BISNIS DAN PRODUK', 'PP.0711005', 'PRODUCT MANAGEMENT', 'SENIOR OFFICER', 'KABAG PRODUCT MANAGEMENT', '11', ''),
('2611', '', 'Ela Nurlaela', '0900000', '6', 'ella@inti.co.id', 'ELA ', '1254', 'DIREKTORAT UTAMA', 'PP.1210005', '0106011', 'PENGEMBANGAN BISNIS DAN PRODUK', 'PP.9408069', 'PRODUCT DEVELOPMENT SUPPORT', 'OFFICER', 'STAF', '11', 'ADMINISTRASI UMUM'),
('2040', '', 'Elan Suherlan', '0106012', '4', 'llan@inti.co.id', 'ELAN ', '1237', 'DIREKTORAT UTAMA', 'PP.0711012', '0106012', 'PENGEMBANGAN BISNIS DAN PRODUK', 'PP.9408012', 'PRODUCT DEVELOPMENT SUPPORT', 'SENIOR OFFICER', 'KAUR DOKUMEN PENGEMBANGAN ', '8', 'DOKUMEN PENGEMBANGAN '),
('2807', '', 'Ellen Hutabarat', '0207011', '4', 'ellen.hutabarat@inti.co.id', 'ELLEN ', '3196', 'DIREKTORAT KEUANGAN', 'PP.1501020', '0207011', 'CORPORATE FINANCE', 'PP.1501009', 'STRATEGI PENDANAAN', 'STAFF', 'KAUR PERENCANAAN & PENGENDALIAN KEUANGAN ', '11', 'PERENCANAAN & PENGENDALIAN KEUANGAN '),
('2648', 'ELLY', 'Elly Darsiah', '031203', '3', 'ely.darsiah@inti.co.id', 'ELLY ', '10', 'DIREKTORAT BISNIS', 'PP.9201001', '031200', 'SBU DEFENSE & DIGITAL SERVICE', 'PP.8508143', '', 'MANAGER', 'KABAG KEUANGAN', '6', ''),
('2783', '', 'Elsa Suraya', '0310014', '10', 'elsa.suraya@inti.co.id', 'ELSA ', '2032', 'DIREKTORAT BISNIS', 'PP.0805002', '031001', 'SBU BROADBAND', 'PP.1210023', 'ENGINEERING', 'SENIOR OFFICER', 'AHLI TINGKAT 4 ENGINEERING', '8', ''),
('2506', 'NANI', 'Elvi Suwardani', '0900000', '6', 'nes@inti.co.id', 'ELVI ', '913', 'DIREKTORAT BISNIS', 'PP.9306029', '031103', 'SBU SMART ENERGY', 'PP.8603063', 'KEUANGAN', 'SENIOR OFFICER', 'STAF', '11', ''),
('3185', '', 'Emma Sukandar', '0900000', '6', 'emma@inti.co.id', 'EMMA ', '854', 'DIREKTORAT KEUANGAN', 'PP.8707074', '020902', 'INFORMATION TECHNOLOGY DAN UMUM', 'PP.8410095', 'UMUM', 'SENIOR OFFICER', 'STAF', '11', ''),
('4612', 'ENDANG', 'Endang Savitri Dewi', '0310042', '4', 'endangsd@inti.co.id', 'ENDANG ', '1239', 'DIREKTORAT BISNIS', 'PP.8809019', '0310042', 'SBU BROADBAND', 'PP.9408082', 'KEUANGAN', 'OFFICER', 'KAUR BENDAHARA DAN VERIFIKASI', '8', 'BENDAHARA DAN VERIFIKASI'),
('2922', 'ENDANG', 'Endang Yuliawaty', '010500', '2', 'endang.y@inti.co.id', 'ENDANG ', '92', 'DIREKTORAT UTAMA', 'DD.1403001', '010500', 'SEKRETARIS PERUSAHAAN ', 'PP.9011018', '', 'VICE PRESIDENT', 'KADIV SEKRETARIS PERUSAHAAN ', '4', ''),
('4402', 'ENDRI', 'Endri S', '01060041', '10', 'endri@inti.co.id', 'ENDRI ', '1419', 'DIREKTORAT UTAMA', 'PP.9309066', '010600', 'PENGEMBANGAN BISNIS DAN PRODUK', 'PP.9309076', '', 'SENIOR MANAGER', 'AHLI TINGKAT 4 BUSINESS DEVELOPMENT DIV. BANG BIS DAN PROD', '11', ''),
('', 'ENGKUS', 'Engkus Kusnadi', '0900000', '6', 'engkus.kusnadi@inti.co.id', 'ENGKUS ', '935', 'DIREKTORAT KEUANGAN', 'PP.9210038', '020800', 'HUMAN CAPITAL MANAGEMENT & QUALITY', 'PP.8501008', '', 'SENIOR OFFICER', 'STAF', '11', ''),
('2839', 'ENTIN', 'Entin Dewi Hartini', '0900000', '6', 'entin@inti.co.id', 'ENTIN ', '234', 'DIREKTORAT UTAMA', 'PP.8707092', '0105031', 'SEKRETARIS PERUSAHAAN ', 'PP.9408040', 'PKBL', 'SENIOR OFFICER', 'STAF', '11', 'PERENCANAAN DAN PENGENDALIAN PKBL'),
('2057', '', 'Erfan Elfariza Pramadya', '0900000', '6', 'erfan.elfariza@inti.co.id', 'ERFAN ', '2024', 'DIREKTORAT UTAMA', 'PP.9408012', '0106012', 'PENGEMBANGAN BISNIS DAN PRODUK', 'PP.1210015', 'PRODUCT DEVELOPMENT SUPPORT', 'SENIOR OFFICER', 'STAF', '11', 'DOKUMEN PENGEMBANGAN '),
('2584', '', 'Eri Hermawan', '0311004', '10', 'eri.hermawan@inti.co.id', 'ERI ', '2078', 'DIREKTORAT BISNIS', 'PP.8902010', '031100', 'SBU SMART ENERGY', 'PP.1311014', '', 'SENIOR OFFICER', 'AHLI TINGKAT 4 ACCOUNT MANAGER DIV SMART ENERGY', '11', ''),
('2008', '', 'Erik Arfiansyah', '0104012', '4', 'erik.arfiansyah@inti.co.id', 'ERIK ', '1996', 'DIREKTORAT UTAMA', 'PP.9210023', '010400', 'SATUAN PENGAWASAN INTERN', 'PP.1202010', '', 'OFFICER', 'KAUR PENGEMBANGAN AUDIT', '11', ''),
('', '', 'Erni Febrina', '0900000', '6', 'erni.febrina@inti.co.id', 'ERNI ', '3383', 'DIREKTORAT BISNIS', 'PP.0506009', '031000', 'SBU BROADBAND', 'PK.1805001', '', 'OFFICER', 'STAF', '', ''),
('', '', 'Ervi Ritya Zulvima', '0900000', '6', 'ervi.zulvima@inti.co.id', 'ERVI ', '3399', 'DIREKTORAT BISNIS', 'PP.9201001', '031200', 'SBU DEFENSE & DIGITAL SERVICE', 'PP.1808011', '', 'OFFICER', 'STAF', '', ''),
('2645', 'EUIS', 'Euis Yulia', '0900000', '6', 'euis@inti.co.id', 'EUIS ', '1057', 'DIREKTORAT BISNIS', 'PP.8508143', '0312042', 'SBU DEFENSE & DIGITAL SERVICE', 'PP.9306030', 'PENGADAAN', 'OFFICER', 'STAF', '11', 'PENGADAAN'),
('2890', 'EZRA', 'Ezra Anugerah Lontoh', '010502', '3', 'ezra@inti.co.id', 'EZRA ', '1958', 'DIREKTORAT UTAMA', 'PP.9011018', '010502', 'SEKRETARIS PERUSAHAAN ', 'PP.0912001', 'HUKUM ', 'SENIOR OFFICER', 'KABAG HUKUM ', '6', ''),
('2574', '', 'Fahmi Asnia Maulida', '0311052', '4', 'fahmi.maulida@inti.co.id', 'FAHMI ', '2079', 'DIREKTORAT BISNIS', 'PP.9309075', '0311052', 'SBU SMART ENERGY', 'PP.1311015', 'COMMERCIAL', 'SENIOR OFFICER', 'KAUR SALES SUPPORT', '8', 'SAELS SUPPORT'),
('', '', 'Faisal Nurrahman', '0900000', '6', 'faisal.nurrahman@inti.co.id', 'FAISAL ', '3400', 'DIREKTORAT BISNIS', 'PP.0506009', '031000', 'SBU BROADBAND', 'PP.1808012', '', 'OFFICER', 'STAF', '', ''),
('2653', '', 'Faishal Zulfikar Kamaluddin', '0312052', '4', 'faishal.zulfiqar@inti.co.id', 'FAISHAL ', '2017', 'DIREKTORAT BISNIS', 'PP.8709099', '0312052', 'SBU DEFENSE & DIGITAL SERVICE', 'PP.1210010', 'COMMERCIAL', 'OFFICER', 'KAUR SAELS SUPPORT', '8', 'SAELS SUPPORT'),
('', '', 'Fanny Wulandari', '0900000', '6', 'fanny.wulandari@inti.co.id', 'FANNY ', '3401', 'DIREKTORAT BISNIS', 'PP.0506009', '031000', 'SBU BROADBAND', 'PP.1808013', '', 'OFFICER', 'STAF', '', ''),
('2045', '', 'Farid Mansur', '0104004', '10', 'farid@inti.co.id', 'FARID ', '1508', 'DIREKTORAT UTAMA', 'PP.9107021', '010400', 'SATUAN PENGAWASAN INTERN', 'PP.8711151', '', 'SENIOR MANAGER', 'AHLI TINGKAT 4 AUDIT', '11', ''),
('', '', 'Faridah Zahra', '0900000', '6', 'faridah.zahra@inti.co.id', 'FARIDAH ', '3402', 'DIREKTORAT BISNIS', 'PP.9201001', '031200', 'SBU DEFENSE & DIGITAL SERVICE', 'PP.1808014', '', 'OFFICER', 'STAF', '', ''),
('2827', '', 'Febriani Puspa Dewi', '0105011', '4', 'febriani.dewi@inti.co.id', 'FEBRIANI ', '2001', 'DIREKTORAT UTAMA', 'PP.9402001', '0105011', 'SEKRETARIS PERUSAHAAN ', 'PP.1202011', 'PERENCANAAN DAN PENGENDALIAN STRATEGIS', 'SENIOR OFFICER', 'KAUR PENDUKUNG PERENCANAAN & PENGENDALIAN STRATEGIS', '8', 'PENDUKUNG PERENCANAAN & PENGENDALIAN STRATEGIS'),
('2584', '', 'Febriza Putra', '0311004', '10', 'febriza.putra@inti.co.id', 'FEBRIZA ', '3213', 'DIREKTORAT BISNIS', 'PP.8902010', '031100', 'SBU SMART ENERGY', 'PP.1504002', '', 'OFFICER', 'AHLI TINGKAT 4 ACCOUNT MANAGER DIV SMART ENERGY', '', ''),
('', 'FERI', 'Feri Yana Candra I.', '0209022', '4', 'feriyana@inti.co.id', 'FERI ', '613', 'DIREKTORAT KEUANGAN', 'PP.8707074', '0209022', 'INFORMATION TECHNOLOGY DAN UMUM', 'PP.8709120', 'UMUM', 'MANAGER', 'KAUR PEMELIHARAAN PROPERTI ', '11', 'PEMELIHARAAN PROPERTI '),
('2001', '', 'Fifi Yusfianty', '0900000', '6', 'fifi.yusfianty@inti.co.id', 'FIFI ', '801', 'DIREKTORAT UTAMA', 'PP.1501018', '0104011', 'SATUAN PENGAWASAN INTERN', 'PP.8409052', 'PERENCANAAN DAN PENGENDALIAN AUDIT', 'MANAGER', 'STAF', '11', 'ADMINISTRASI PERENCANAAN DAN PENGENDALIAN AUDIT'),
('2529', '', 'Fitriana Dian Permanasari', '0900000', '6', 'fitriana.permanasari@inti.co.id', 'FITRIANA ', '3123', 'DIREKTORAT BISNIS', 'PP.1210024', '031102', 'SBU SMART ENERGY', 'PP.1406003', 'PROYEK', 'SENIOR OFFICER', 'STAF', '', ''),
('2050', 'GAF', 'Gafrelly Mansur', '01060042', '10', 'gafman@inti.co.id', 'GAFRELLY ', '121', 'DIREKTORAT UTAMA', 'PP.9309066', '010600', 'PENGEMBANGAN BISNIS DAN PRODUK', 'PP.8707049', '', 'SENIOR MANAGER', 'AHLI TINGKAT 4 PRODUCT &  IT DEVELOPMENT DIV. BANG BIS DAN PROD', '11', ''),
('2583', 'PANDIT', 'Gde Pandit Andika Wicaksono', '010505', '3', 'gde.wicaksono@inti.co.id', 'GDE ', '1984', 'DIREKTORAT UTAMA', 'PP.9011018', '010505', 'SEKRETARIS PERUSAHAAN ', 'PP.1202012', 'PUBLIC RELATION', 'SENIOR OFFICER', 'KABAG PUBLIC RELATION', '8', ''),
('2531', '', 'Gema Alfarisi Deri', '0900000', '6', 'gema.deri@inti.co.id', 'GEMA ', '3148', 'DIREKTORAT BISNIS', 'PP.9309077', '031104', 'SBU SMART ENERGY', 'PP.1406007', 'PENGADAAN', 'SENIOR OFFICER', 'STAF', '', ''),
('', '', 'Genta Yuki Bimantoro', '0900000', '6', 'genta.bimantoro@inti.co.id', 'GENTA ', '3403', 'DIREKTORAT BISNIS', 'PP.0506009', '031000', 'SBU BROADBAND', 'PP.1808015', '', 'OFFICER', 'STAF', '', ''),
('', '', 'Gugi Setiawan', '0900000', '6', 'gugi.setiawan@inti.co.id', 'GUGI ', '3404', 'DIREKTORAT BISNIS', 'PP.8902010', '031100', 'SBU SMART ENERGY', 'PP.1808016', '', 'OFFICER', 'STAF', '', ''),
('2893', 'BAYU', 'Gumilar Bayu P.', '0105024', '10', 'bayu.prakasa@inti.co.id', 'GUMILAR ', '95', 'DIREKTORAT UTAMA', 'PP.0912001', '010502', 'SEKRETARIS PERUSAHAAN ', 'PP.9210036', 'HUKUM ', 'ASSISTANT VICE PRESIDENT', 'AHLI TINGKAT 4 HUKUM', '6', ''),
('2599', 'GUPUH', 'Gupuh Sarwo Edi', '0311051', '4', 'gupuh@inti.co.id', 'GUPUH ', '1396', 'DIREKTORAT BISNIS', 'PP.9309075', '0311051', 'SBU SMART ENERGY', 'PP.9203013', 'COMMERCIAL', 'MANAGER', 'KAUR SALES ADMINITRATION', '8', 'SALES ADMINITRATION'),
('3108', 'DANI', 'Hamdani', '0900000', '6', 'hamdani@inti.co.id', 'HAMDANI', '651', 'DIREKTORAT BISNIS', 'PP.9210018', '031002', 'SBU BROADBAND', 'PP.9306051', 'PROYEK', 'OFFICER', 'STAF', '11', ''),
('', 'HAMZAH', 'Hamzah Karmawan', '0900000', '6', 'hamka@inti.co.id', 'HAMZAH ', '1418', 'DIREKTORAT UTAMA', 'PP.0711011', '0106021', 'PENGEMBANGAN BISNIS DAN PRODUK', 'PP.9306050', 'PRODUCT MANAGEMENT', 'OFFICER', 'STAF', '11', 'PERENCANAAN & PENGENDALIAN PRODUK'),
('0000', 'HARAPAN', 'Harapan Marbun', '0900000', '6', 'harapan@inti.co.id', 'HARAPAN ', '12', 'DIREKTORAT KEUANGAN', 'DD.1702001', '020800', 'HUMAN CAPITAL MANAGEMENT & QUALITY', 'PP.9210029', '', 'SENIOR MANAGER', 'STAF', '11', ''),
('2753', '', 'Hardi Noviandri M.', '0310004', '10', 'hardi.noviandri@inti.co.id', 'HARDI ', '2015', 'DIREKTORAT BISNIS', 'PP.0506009', '031000', 'SBU BROADBAND', 'PP.1210008', '', 'SENIOR OFFICER', 'AHLI TINGKAT 4 ACCOUNT MANAGER DIV. BBD', '11', ''),
('2647', 'HARIS', 'Haris Susanto', '0312033', '4', 'riess@inti.co.id', 'HARIS ', '439', 'DIREKTORAT BISNIS', 'PP.8508143', '0312043', 'SBU DEFENSE & DIGITAL SERVICE', 'PP.8709130', 'PENGADAAN', 'MANAGER', 'KAUR PENAGIHAN, PAJAK DAN ASURANSI', '8', 'MATERIAL MANAGEMENT'),
('3187', 'HARMEN', 'Harmen Mesta', '0900000', '6', 'harmen@inti.co.id', 'HARMEN ', '44', 'DIREKTORAT BISNIS', 'PP.8712166', '031005', 'SBU BROADBAND', 'PP.8707086', 'PENGADAAN', 'MANAGER', 'STAF', '11', ''),
('2867', 'HARRY', 'Harry Jauhari', '0105021', '4', 'jhari@inti.co.id', 'HARRY ', '97', 'DIREKTORAT UTAMA', 'PP.0912001', '0105021', 'SEKRETARIS PERUSAHAAN ', 'PP.8707093', 'HUKUM ', 'MANAGER', 'KAUR PENGELOLAAN INFORMASI & DUKUNGAN HUKUM', '8', 'PENGELOLAAN INFORMASI & DUKUNGAN HUKUM'),
('', '', 'Hasan Abdullah Ulil Albab', '0900000', '6', 'hasan.albab@inti.co.id', 'HASAN ', '3133', 'DIREKTORAT BISNIS', 'PP.9210018', '031003', 'SBU BROADBAND', 'PP.1406005', 'SERVICE', 'SENIOR OFFICER', 'STAF', '', ''),
('2619', '', 'Helda Meriyam Kahar', '0312011', '4', 'helda.kahar@inti.co.id', 'HELDA ', '2081', 'DIREKTORAT BISNIS', 'PP.1311006', '0312011', 'SBU DEFENSE & DIGITAL SERVICE', 'PP.1311016', 'ENGINEERING', 'OFFICER', 'KAUR PERENCANAAN DAN PENGENDALIAN ENGINEERING', '11', 'PERENCANAAN DAN PENGENDALIAN ENGINEERING'),
('', '', 'Hen Hen Suhendi', '0900000', '6', 'hens@inti.co.id', 'HEN ', '1002', 'DIREKTORAT BISNIS', 'PP.9210018', '031002', 'SBU BROADBAND', 'PP.9306065', 'PROYEK', 'OFFICER', 'STAF', '11', ''),
('2621', 'HENDRIX', 'Hendrix Lesmana', '0312003', '9', 'hendrix_inti@inti.co.id', 'HENDRIX ', '1963', 'DIREKTORAT BISNIS', 'PP.9201001', '031200', 'SBU DEFENSE & DIGITAL SERVICE', 'PP.1005002', '', 'SENIOR OFFICER', 'AHLI TINGKAT 3 ACCOUNT MANAGER DIV. DDS', '6', ''),
('2672', 'HENGKI', 'Hengki Candra Buana', '031205', '3', 'hengki.candra@inti.co.id', 'HENGKI ', '454', 'DIREKTORAT BISNIS', 'PP.9201001', '031205', 'SBU DEFENSE & DIGITAL SERVICE', 'PP.8709099', 'COMMERCIAL', 'ASSISTANT VICE PRESIDENT', 'KABAG COMMERCIAL', '6', ''),
('', '', 'Heri Juandi', '0900000', '6', 'heri.juandi@inti.co.id', 'HERI ', '3384', 'DIREKTORAT BISNIS', 'PP.8902010', '031100', 'SBU SMART ENERGY', 'PK.1805002', '', 'OFFICER', 'STAF', '', ''),
('', '', 'Heri Sapari', '0900000', '6', 'heri.sapari@inti.co.id', 'HERI ', '879', 'DIREKTORAT BISNIS', 'PP.1210024', '031102', 'SBU SMART ENERGY', 'PP.8705013', 'PROYEK', 'SENIOR OFFICER', 'STAF', '11', ''),
('2401', 'HERI', 'Heri Suherman', '0900000', '6', 'heriops@inti.co.id', 'HERI ', '947', 'DIREKTORAT KEUANGAN', 'PP.9210038', '020800', 'HUMAN CAPITAL MANAGEMENT & QUALITY', 'PP.8408041', '', 'SENIOR OFFICER', 'STAF', '11', ''),
('3119', 'HERLINA', 'Herlina N. Sianturi', 'Z2012500A', '6', 'herlina.sianturi@inti.co.id', 'HERLINA ', '480', 'DIREKTORAT KEUANGAN', 'DD.1702001', '020800', 'HUMAN CAPITAL MANAGEMENT & QUALITY', 'PP.9006004', '', 'VICE PRESIDENT', 'DIREKTUR DANA PENSIUN', '2', ''),
('3205', 'HERMAN', 'Herman Sujana', '0900000', '6', 'herman@inti.co.id', 'HERMAN ', '1232', 'DIREKTORAT BISNIS', 'PP.0506009', '031000', 'SBU BROADBAND', 'PP.9408006', '', 'SENIOR OFFICER', 'STAF', '11', ''),
('2673', 'HERMAWAN', 'Hermawan Budi', '0312004', '10', 'hbso@inti.co.id', 'HERMAWAN ', '444', 'DIREKTORAT BISNIS', 'PP.9201001', '031200', 'SBU DEFENSE & DIGITAL SERVICE', 'PP.9107016', '', 'SENIOR MANAGER', 'AHLI TINGKAT 4 ACCOUNT MANAGER DIV. DDS', '11', ''),
('2777', '', 'Herwan Herwansyah', '0310004', '10', 'herwan.herwansyah@inti.co.id', 'HERWAN ', '2007', 'DIREKTORAT BISNIS', 'PP.0506009', '031000', 'SBU BROADBAND', 'PP.1210002', '', 'SENIOR OFFICER', 'AHLI TINGKAT 4 ACCOUNT MANAGER DIV. BBD', '11', ''),
('2655', 'HETTY', 'Hetty Mustikawati', '0900000', '6', 'hetty@inti.co.id', 'HETTY ', '1003', 'DIREKTORAT BISNIS', 'PP.8709099', '0312031', 'SBU DEFENSE & DIGITAL SERVICE', 'PP.9306039', 'KEUANGAN', 'OFFICER', 'STAF', '11', 'ADMINISTRASI UMUM DAN PELAPORAN'),
('2761', '', 'Hilman Rasyidin', '0310021', '4', 'hilman.rasyidin@inti.co.id', 'HILMAN ', '2047', 'DIREKTORAT BISNIS', 'PP.9210018', '0310021', 'SBU BROADBAND', 'PP.1306004', 'PROYEK', 'SENIOR OFFICER', 'KAUR PERENCANAAN DAN PENGENDALIAN PROYEK', '8', 'PERENCANAAN DAN PENGENDALIAN PROYEK'),
('2624', '', 'Hisni Zainul Milah', '0312015', '11', 'hisni.milah@inti.co.id', 'HISNI ', '2082', 'DIREKTORAT BISNIS', 'PP.9408011', '031201', 'SBU DEFENSE & DIGITAL SERVICE', 'PP.1311017', 'ENGINEERING', 'SENIOR OFFICER', 'AHLI TINGKAT 5 ENGINEERING', '11', ''),
('2576', 'HOTMAN', 'Hotman H. Silalahi', 'Z2012500B', '6', 'hotman@inti.co.id', 'HOTMAN ', '1847', 'DIREKTORAT KEUANGAN', 'DD.1702001', '020800', 'HUMAN CAPITAL MANAGEMENT & QUALITY', 'PP.9801017', '', 'SENIOR MANAGER', 'DIREKTUR PT IPMS', '6', ''),
('2701', 'MADE', 'I Made Gelgel', '031110', '2', 'made.gelgel@inti.co.id', 'I ', '1853', 'DIREKTORAT BISNIS', 'DD.1712001', '031000', 'SBU BROADBAND', 'PP.9801003', '', 'SENIOR MANAGER', 'DEPUTI', '4', ''),
('2642', 'NYOMAN', 'I Nyoman Sudiana', '0312001', '7', 'nyoman@inti.co.id', 'I ', '844', 'DIREKTORAT BISNIS', 'PP.9201001', '031200', 'SBU DEFENSE & DIGITAL SERVICE', 'PP.9211041', '', 'ASSISTANT VICE PRESIDENT', 'AHLI TINGKAT 1 ACCOUNT MANAGER DIV. DDS', '6', '');
INSERT INTO `tb_karyawan` (`EXTPES`, `NMKECIL`, `NAMA`, `IDJOB`, `TINGKATJABATAN`, `E_MAIL`, `FIRST_NAME`, `PIN`, `DIREKT`, `NIPEG_UP`, `KDKERJ`, `DIVISI`, `NIPEG`, `BAGIAN`, `PANGKAT`, `JOBTITLE`, `TINGKATAKSES`, `URUSAN`) VALUES
('', '', 'Ichtiar Fachruddin', '0313011', '4', 'ichtiar.fachruddin@inti.co.id', 'ICHTIAR ', '2028', 'DIREKTORAT BISNIS', 'PP.1401002', '0313011', 'PRODUKSI', 'PP.1210019', 'PRODUKSI', 'SENIOR OFFICER', 'KAUR PERENCANAAN DAN PENGENDALIAN PRODUKSI', '11', 'PERENCANAAN DAN PENGENDALIAN PRODUKSI'),
('2824', 'ADIT', 'Ida Bagus Putu Aditya', '0900000', '6', 'ida.aditya@inti.co.id', 'IDA ', '2048', 'DIREKTORAT UTAMA', 'PP.9402001', '0105011', 'SEKRETARIS PERUSAHAAN ', 'PP.1306005', 'PERENCANAAN DAN PENGENDALIAN STRATEGIS', 'OFFICER', 'STAF', '11', 'PENDUKUNG PERENCANAAN & PENGENDALIAN STRATEGIS'),
('3179', 'PURWO', 'Ignatius Purwo S.', '0900000', '6', 'purwo@inti.co.id', 'IGNATIUS ', '634', 'DIREKTORAT BISNIS', 'PP.9801015', '031003', 'SBU BROADBAND', 'PP.9408014', 'SERVICE', 'SENIOR OFFICER', 'STAF', '11', ''),
('', '', 'Ihsan Rizkaluthfi', '0900000', '6', 'ihsan.rizkaluthfi@inti.co.id', 'IHSAN ', '3405', 'DIREKTORAT BISNIS', 'PP.9201001', '031200', 'SBU DEFENSE & DIGITAL SERVICE', 'PP.1808017', '', 'OFFICER', 'STAF', '', ''),
('2652', '', 'Iik Darmawan', '0312051', '4', 'iik.darmawan@inti.co.id', 'IIK ', '914', 'DIREKTORAT BISNIS', 'PP.8709099', '0312051', 'SBU DEFENSE & DIGITAL SERVICE', 'PP.8707066', 'COMMERCIAL', 'SENIOR OFFICER', 'KAUR SALES ADMINITRATION', '11', 'SALES ADMINITRATION'),
('2644', 'IIS', 'Iis Ina Farida', '0312032', '4', 'faridah@inti.co.id', 'IIS ', '767', 'DIREKTORAT BISNIS', 'PP.8508143', '0312031', 'SBU DEFENSE & DIGITAL SERVICE', 'PP.9408020', 'KEUANGAN', 'SENIOR OFFICER', 'KAUR BENDAHARA DAN VERIFIKASI', '11', 'ADMINISTRASI UMUM DAN PELAPORAN'),
('2630', 'ICHAS', 'Ikhlas Fauzi', '0900000', '6', 'ichas@inti.co.id', 'IKHLAS ', '512', 'DIREKTORAT BISNIS', 'PP.1210024', '031202', 'SBU DEFENSE & DIGITAL SERVICE', 'PP.8508145', 'PROYEK', 'MANAGER', 'STAF', '11', ''),
('2764', '', 'Ikhsan Ramdhani', '0310043', '4', 'ikhsan.ramdhani@inti.co.id', 'IKHSAN ', '3189', 'DIREKTORAT BISNIS', 'PP.8809019', '0310043', 'SBU BROADBAND', 'PP.1501010', 'KEUANGAN', 'OFFICER', 'KAUR PENAGIHAN, PAJAK DAN ASURANSI', '11', 'PENAGIHAN, PAJAK DAN ASURANSI'),
('2626', 'ILHAM', 'Ilham Permadi', '0312013', '9', 'ilham.permadi@inti.co.id', 'ILHAM ', '1923', 'DIREKTORAT BISNIS', 'PP.9408011', '031201', 'SBU DEFENSE & DIGITAL SERVICE', 'PP.0506004', 'ENGINEERING', 'MANAGER', 'AHLI TINGKAT 3 ENGINEERING', '6', ''),
('', '', 'Imelda Yulistya', '0310062', '4', 'imelda.yulistya@inti.co.id', 'IMELDA ', '2037', 'DIREKTORAT BISNIS', 'PP.1311004', '031006', 'SBU BROADBAND', 'PP.1210028', 'COMMERCIAL', 'OFFICER', 'KAUR SALES SUPPORT', '8', ' '),
('', 'INDRI', 'Indriatmoko', '0900000', '6', 'indria@inti.co.id', 'INDRIATMOKO', '1140', 'DIREKTORAT UTAMA', 'PP.9309066', '010600', 'PENGEMBANGAN BISNIS DAN PRODUK', 'PP.9210025', '', 'SENIOR MANAGER', 'STAF', '11', ''),
('', '', 'Iqbal Asadul Haq', '0900000', '6', 'iqbal.haq@inti.co.id', 'IQBAL ', '3388', 'DIREKTORAT KEUANGAN', 'PP.8707054', '020801', 'HUMAN CAPITAL MANAGEMENT & QUALITY', 'PK.1806001', 'QUALITY & RISK MANAGEMENT ', 'OFFICER', 'STAF', '', ''),
('2823', '', 'Irmawan Dhedy Pamardi', '0900000', '6', 'irmawan.pamardi@inti.co.id', 'IRMAWAN ', '3190', 'DIREKTORAT KEUANGAN', 'PP.1202005', '0207052', 'CORPORATE FINANCE', 'PP.1501011', 'AKUNTANSI MANAJEMEN', 'OFFICER', 'STAF', '11', 'ANALISIS LAP.KEUANGAN & RENDAL ANGGARAN'),
('2438', '', 'Ise Saefullah', '0900000', '6', 'ise@inti.co.id', 'ISE ', '381', 'DIREKTORAT BISNIS', 'PP.8712166', '031005', 'SBU BROADBAND', 'PP.8408025', 'PENGADAAN', 'MANAGER', 'STAF', '8', ''),
('', 'ITANG', 'Itang Tatang Adang S', '0900000', '6', 'itang_64@inti.co.id', 'ITANG ', '609', 'DIREKTORAT BISNIS', 'PP.9210018', '031002', 'SBU BROADBAND', 'PP.8709116', 'PROYEK', 'SENIOR OFFICER', 'STAF', '11', ''),
('2751', 'ITOT', 'Itot Wiharto', '0310003', '9', 'itot@inti.co.id', 'ITOT ', '1409', 'DIREKTORAT BISNIS', 'PP.0506009', '031000', 'SBU BROADBAND', 'PP.9408050', '', 'SENIOR OFFICER', 'AHLI TINGKAT 3 ACCOUNT MANAGER DIV. BBD', '11', ''),
('2646', 'IWAN', 'Iwan Setiawan', '0312031', '4', 'dinan@inti.co.id', 'IWAN ', '124', 'DIREKTORAT BISNIS', 'PP.8508143', '0312041', 'SBU DEFENSE & DIGITAL SERVICE', 'PP.8707085', 'PENGADAAN', 'MANAGER', 'KAUR ADMINISTRASI UMUM DAN PELAPORAN', '8', 'PERENCANAAN DAN PENGENDALIAN PENGADAAN'),
('3141', 'YUS', 'Iyus Rusyana', 'Z2012500G', '6', 'iyus.rusyana@inti.co.id', 'IYUS ', '303', 'DIREKTORAT KEUANGAN', 'DD.1702001', '020800', 'HUMAN CAPITAL MANAGEMENT & QUALITY', 'PP.8604066', '', 'ASSISTANT VICE PRESIDENT', 'DIREKTUR PT WBI', '4', ''),
('2419', '', 'Jajang Darlina', '0900000', '6', 'darlina@inti.co.id', 'JAJANG ', '1362', 'DIREKTORAT BISNIS', 'PP.8712166', '031005', 'SBU BROADBAND', 'PP.8602044', 'PENGADAAN', 'SENIOR OFFICER', 'STAF', '11', ''),
('2211', '', 'Jajang Koswara', '0900000', '6', 'jajang.koswara@inti.co.id', 'JAJANG ', '1269', 'DIREKTORAT KEUANGAN', 'PP.1306015', '020901', 'INFORMATION TECHNOLOGY DAN UMUM', 'PP.8602029', 'IT SERVICE ', 'SENIOR OFFICER', 'STAF', '11', ''),
('2638', 'JAJANG', 'Jajang Masri', '0900000', '6', 'jamas@inti.co.id', 'JAJANG ', '1511', 'DIREKTORAT BISNIS', 'PP.9408011', '031201', 'SBU DEFENSE & DIGITAL SERVICE', 'PP.8408032', 'ENGINEERING', 'SENIOR OFFICER', 'STAF', '11', ''),
('4527', 'JAJANG', 'Jajang Sukanda', '0900000', '6', 'sukanda@inti.co.id', 'JAJANG ', '1287', 'DIREKTORAT BISNIS', 'PP.9408011', '031101', 'SBU SMART ENERGY', 'PP.8507125', 'ENGINEERING', 'SENIOR OFFICER', 'STAF', '11', ' '),
('2891', '', 'Jefry Roni Parulian Sitompul', '0900000', '6', 'jefry.parulian@inti.co.id', 'JEFRY ', '3188', 'DIREKTORAT UTAMA', 'PP.0912001', '010503', 'SEKRETARIS PERUSAHAAN ', 'PP.1501012', 'PKBL', 'OFFICER', 'STAF', '11', ''),
('4640', 'JIANG', 'Jiang Syarif H.', '0900000', '6', 'jiang@inti.co.id', 'JIANG ', '1305', 'DIREKTORAT BISNIS', 'PP.9210018', '031002', 'SBU BROADBAND', 'PP.8712177', 'PROYEK', 'SENIOR OFFICER', 'STAF', '8', ''),
('2503', 'JOKO', 'Joko Haryono', '0900000', '6', 'joko_hariono@inti.co.id', 'JOKO ', '720', 'DIREKTORAT KEUANGAN', 'PK.1804001', '020802', 'HUMAN CAPITAL MANAGEMENT & QUALITY', 'PP.8712165', 'HR DEVELOPMENT', 'MANAGER', 'STAF', '11', ''),
('4301', 'JONI', 'Joni Wibowo', '0900000', '6', 'joni@inti.co.id', 'JONI ', '511', 'DIREKTORAT UTAMA', 'PP.8707057', '0106023', 'PENGEMBANGAN BISNIS DAN PRODUK', 'PP.9408029', 'PRODUCT MANAGEMENT', 'SENIOR OFFICER', 'STAF', '11', 'RICE & BUSINESS INCUBATOR'),
('2563', '', 'Karina Meyrita Dewi', '0311004', '10', 'karina.dewi@inti.co.id', 'KARINA ', '2049', 'DIREKTORAT BISNIS', 'PP.8902010', '031100', 'SBU SMART ENERGY', 'PP.1306006', '', 'SENIOR OFFICER', 'AHLI TINGKAT 4 ACCOUNT MANAGER DIV SMART ENERGY', '11', ''),
('2819', 'KASINO', 'Kasino Martowinangun', '0208014', '10', 'kasino.martowinangun@inti.co.id', 'KASINO ', '1078', 'DIREKTORAT KEUANGAN', 'PP.8707054', '020801', 'HUMAN CAPITAL MANAGEMENT & QUALITY', 'PP.8410101', 'QUALITY & RISK MANAGEMENT ', 'MANAGER', 'AHLI TINGKAT 4 QUALITY & RISK MANAGEMENT', '8', ''),
('2212', 'KASNANTA', 'Kasnanta Suwita', '0900000', '6', 'kasnanta@inti.co.id', 'KASNANTA ', '487', 'DIREKTORAT KEUANGAN', 'PP.1501033', '020802', 'HUMAN CAPITAL MANAGEMENT & QUALITY', 'PP.8709131', 'HR DEVELOPMENT', 'MANAGER', 'STAF', '11', ''),
('2110', '', 'Komarudin A. Dimyati', '0209023', '4', 'herman.komarudin@inti.co.id', 'KOMARUDIN ', '1285', 'DIREKTORAT KEUANGAN', 'PP.8707074', '0209023', 'INFORMATION TECHNOLOGY DAN UMUM', 'PP.8505080', 'UMUM', 'SENIOR OFFICER', 'KAUR PELAYANAN UMUM & K3LH', '8', 'PELAYANAN UMUM & K3LH'),
('2848', '', 'Komarudin Sanusi', '0207051', '4', 'kmr@inti.co.id', 'KOMARUDIN ', '1192', 'DIREKTORAT KEUANGAN', 'PP.9210021', '0207051', 'CORPORATE FINANCE', 'PP.8707087', 'AKUNTANSI MANAJEMEN', 'MANAGER', 'KAUR LAPORAN MANAJEMEN', '8', 'LAPORAN MANAJEMEN'),
('2036', 'KOSASIH', 'Kosasih Ano', '01060034', '9', 'kosan@inti.co.id', 'KOSASIH ', '178', 'DIREKTORAT UTAMA', 'PP.9309066', '010600', 'PENGEMBANGAN BISNIS DAN PRODUK', 'PP.8709132', '', 'MANAGER', 'AHLI TINGKAT 3 BUSINESS SUPPPORT', '6', ''),
('', 'KOSASIH', 'Kosasih D. Ganda', '0900000', '6', 'cos@inti.co.id', 'KOSASIH ', '1540', 'DIREKTORAT BISNIS', 'PP.9210018', '031002', 'SBU BROADBAND', 'PP.8408038', 'PROYEK', 'MANAGER', 'STAF', '11', ''),
('2613', 'DEDEN', 'Kresna Permana', '0310002', '8', 'kresna@inti.co.id', 'KRESNA ', '1946', 'DIREKTORAT BISNIS', 'PP.0506009', '031000', 'SBU BROADBAND', 'PP.0711009', '', 'SENIOR OFFICER', 'AHLI TINGKAT 2 ACCOUNT MANAGER DIV. BBD', '6', ''),
('', '', 'Krisna Yusup Samiadjie', '0310015', '11', 'krisna.ys@inti.co.id', 'KRISNA ', '2009', 'DIREKTORAT BISNIS', 'PP.0805002', '031001', 'SBU BROADBAND', 'PP.1210003', 'ENGINEERING', 'SENIOR OFFICER', 'AHLI TINGKAT 5 ENGINEERING', '11', ''),
('0000', 'KRISTANTO', 'Kristanta Riyadi', '0105013', '9', 'kristanta.riyadi@inti.co.id', 'KRISTANTA ', '1854', 'DIREKTORAT UTAMA', 'PP.9402001', '010501', 'SEKRETARIS PERUSAHAAN ', 'PP.9801012', 'PERENCANAAN DAN PENGENDALIAN STRATEGIS', 'SENIOR MANAGER', 'AHLI TINGKAT TIGA PERENCANAAN STRATEGIS', '6', ''),
('2603', 'ECIN', 'Kuraesin', '0900000', '6', 'sin@inti.co.id', 'KURAESIN', '1144', 'DIREKTORAT BISNIS', 'PP.8809019', '031004', 'SBU BROADBAND', 'PP.9408079', 'KEUANGAN', 'OFFICER', 'STAF', '11', ''),
('', '', 'Kurniawan Hasmin  Marunta', '0900000', '6', 'kurniawan.hasmin@inti.co.id', 'KURNIAWAN ', '2098', 'DIREKTORAT BISNIS', 'PP.9408011', '031201', 'SBU DEFENSE & DIGITAL SERVICE', 'PP.1401001', 'ENGINEERING', 'SENIOR OFFICER', 'STAF', '11', ''),
('3138', 'RONI', 'Kusno Prijono', '0900000', '6', 'kusno.prijono@inti.co.id', 'KUSNO ', '1855', 'DIREKTORAT KEUANGAN', 'DD.1702001', '020800', 'HUMAN CAPITAL MANAGEMENT & QUALITY', 'PP.9801013', '', 'SENIOR MANAGER', 'STAF', '4', ''),
('4207', '', 'Kustari Dawud', '0313021', '4', 'kustari@inti.co.id', 'KUSTARI ', '897', 'DIREKTORAT BISNIS', 'PP.8809018', '0313021', 'PRODUKSI', 'PP.8502017', 'REKAYASA PRODUKSI', 'SENIOR OFFICER', 'KAUR REKAYASA DAN DUKUNGAN PRODUKSI', '11', 'REKAYASA DAN DUKUNGAN PRODUKSI'),
('2654', '', 'Lastiur Happy Ani Sihombing', '0312012', '4', 'lastiur.sihombing@inti.co.id', 'LASTIUR ', '2083', 'DIREKTORAT BISNIS', 'PP.1311006', '0312012', 'SBU DEFENSE & DIGITAL SERVICE', 'PP.1311018', 'ENGINEERING', 'SENIOR OFFICER', 'KAUR KUALITAS', '11', 'KUALITAS'),
('2064', '', 'Lina Sumiati H.', '0900000', '6', 'linas@inti.co.id', 'LINA ', '113', 'DIREKTORAT UTAMA', 'PP.1202021', '0106013', 'PENGEMBANGAN BISNIS DAN PRODUK', 'PP.8709127', 'PRODUCT DEVELOPMENT SUPPORT', 'MANAGER', 'STAF', '11', 'PRODUCT QUALITY ASSURANCE'),
('', '', 'Linda Rizki Yuliani', '0900000', '6', 'linda.yuliani@inti.co.id', 'LINDA ', '3406', 'DIREKTORAT UTAMA', 'PP.9309066', '010600', 'PENGEMBANGAN BISNIS DAN PRODUK', 'PP.1808018', '', 'OFFICER', 'STAF', '', ''),
('', '', 'Lisa Sekar Wangi', '0900000', '6', 'lisa.wangi@inti.co.id', 'LISA ', '3407', 'DIREKTORAT KEUANGAN', 'PP.9210038', '020900', 'INFORMATION TECHNOLOGY DAN UMUM', 'PP.1808019', '', 'OFFICER', 'STAF', '', ''),
('2813', 'LISDA', 'Lisda N. Rachmawati', '020705', '3', 'lisda@inti.co.id', 'LISDA ', '1576', 'DIREKTORAT KEUANGAN', 'PP.9203006', '020705', 'CORPORATE FINANCE', 'PP.9210021', 'AKUNTANSI MANAJEMEN', 'SENIOR MANAGER', 'KABAG AKUNTANSI MANAJEMEN', '6', ''),
('4419', 'LUCKY', 'Lucky Anies A.R.', '01060042', '10', 'lucky@inti.co.id', 'LUCKY ', '753', 'DIREKTORAT UTAMA', 'PP.1210005', '010600', 'PENGEMBANGAN BISNIS DAN PRODUK', 'PP.9203004', '', 'ASSISTANT VICE PRESIDENT', 'AHLI TINGKAT 4 PRODUCT &  IT DEVELOPMENT DIV. BANG BIS DAN PROD', '11', ''),
('2632', 'LUKMAN', 'Lukmanul Hakim', '0900000', '6', 'hakim@inti.co.id', 'LUKMANUL ', '610', 'DIREKTORAT BISNIS', 'PP.1210024', '031202', 'SBU DEFENSE & DIGITAL SERVICE', 'PP.8712168', 'PROYEK', 'MANAGER', 'STAF', '11', ''),
('2032', '', 'Luthfy Delftyana Mulya', '01060052', '11', 'luthfy.mulya@inti.co.id', 'LUTHFY ', '3180', 'DIREKTORAT UTAMA', 'PP.1210005', '010600', 'PENGEMBANGAN BISNIS DAN PRODUK', 'PP.1501014', '', 'OFFICER', 'AHLI TINGKAT 5 PRODUCT & IT DEVELOPMENT DIV. BANG BIS DAN PROD', '11', ''),
('2667', '', 'Lyssa Ratna Meilyssa', '0312004', '10', 'lyssa.meilyssa@inti.co.id', 'LYSSA ', '1976', 'DIREKTORAT BISNIS', 'PP.9201001', '031200', 'SBU DEFENSE & DIGITAL SERVICE', 'PP.1202016', '', 'SENIOR OFFICER', 'AHLI TINGKAT 4 ACCOUNT MANAGER DIV. DDS', '8', ''),
('2512', '', 'M. Dimas Gilang Fajar A.', '031102', '3', 'dimas.fajar@inti.co.id', 'M. ', '2033', 'DIREKTORAT BISNIS', 'PP.8902010', '031102', 'SBU SMART ENERGY', 'PP.1210024', 'PROYEK', 'OFFICER', 'KABAG PROYEK', '8', ''),
('', '', 'M. Iqbal Fadillah Kertabudi', '0900000', '6', 'm.iqbal@inti.co.id', 'M. ', '3408', 'DIREKTORAT UTAMA', 'PP.9309066', '010600', 'PENGEMBANGAN BISNIS DAN PRODUK', 'PP.1808020', '', 'OFFICER', 'STAF', '', ''),
('2233', '', 'M. Rachmat', '0900000', '6', 'kumis@inti.co.id', 'M. ', '1322', 'DIREKTORAT KEUANGAN', 'PP.8511175', '020802', 'HUMAN CAPITAL MANAGEMENT & QUALITY', 'PP.8602035', 'HR DEVELOPMENT', 'SENIOR OFFICER', 'STAF', '11', ''),
('4213', 'MAMAD', 'Mamad Mirodji', '031302', '3', 'mamad@inti.co.id', 'MAMAD ', '842', 'DIREKTORAT BISNIS', 'PP.9801001', '031302', 'PRODUKSI', 'PP.8809018', 'REKAYASA PRODUKSI', 'SENIOR MANAGER', 'KABAG REKAYASA PRODUKSI', '6', ''),
('2846', '', 'Mariaty Pebriana Sihombing', '0208011', '4', 'mariaty.pebriana@inti.co.id', 'MARIATY ', '3182', 'DIREKTORAT KEUANGAN', 'PP.8707054', '0208011', 'HUMAN CAPITAL MANAGEMENT & QUALITY', 'PP.1501015', 'QUALITY & RISK MANAGEMENT ', 'OFFICER', 'KAUR QUALITY MANAGEMENT', '11', 'QUALITY MANAGEMENT'),
('', '', 'Martauli Sinta Putri', '0310061', '4', 'martauli.putri@inti.co.id', 'MARTAULI ', '2029', 'DIREKTORAT BISNIS', 'PP.1311004', '0310061', 'SBU BROADBAND', 'PP.1210020', 'COMMERCIAL', 'SENIOR OFFICER', 'KAUR SALES ADMINISTRATION', '8', 'SALES ADMINISTRATION'),
('2736', 'YANI', 'Maryani', '0209014', '4', 'yani@inti.co.id', 'MARYANI', '1169', 'DIREKTORAT KEUANGAN', 'PP.9107032', '0209014', 'INFORMATION TECHNOLOGY DAN UMUM', 'PP.8603059', 'IT SERVICE ', 'SENIOR OFFICER', 'KAUR ADMINISTRASI UMUM DAN ARSIP PERUSAHAAN', '8', 'ADMINISTRASI UMUM & ARSIP PERUSAHAAN'),
('2841', 'MELI', 'Meliani Supardjo', '0105031', '4', 'melis@inti.co.id', 'MELIANI ', '120', 'DIREKTORAT UTAMA', 'PP.8412153', '0105031', 'SEKRETARIS PERUSAHAAN ', 'PP.8707092', 'PKBL', 'MANAGER', 'KAUR PERENCANAAN DAN PENGENDALIAN PKBL', '8', 'PERENCANAAN DAN PENGENDALIAN PKBL'),
('2704', 'ACES', 'Moch. Asep Dayat', '0900000', '6', 'aadayat@inti.co.id', 'MOCH. ', '383', 'DIREKTORAT BISNIS', 'PP.8712166', '031005', 'SBU BROADBAND', 'PP.8712176', 'PENGADAAN', 'SENIOR OFFICER', 'STAF', '8', ''),
('', 'ISMAN', 'Moch. Isman Supami', '0900000', '6', 'isman@inti.co.id', 'MOCH. ', '404', 'DIREKTORAT KEUANGAN', 'PP.9210038', '020800', 'HUMAN CAPITAL MANAGEMENT & QUALITY', 'PP.8411136', '', 'MANAGER', 'STAF', '11', ''),
('', '', 'Mochamad Farizi', '0900000', '6', 'mochamad.farizi@inti.co.id', 'MOCHAMAD ', '2084', 'DIREKTORAT BISNIS', 'PP.1311004', '031006', 'SBU BROADBAND', 'PP.1311019', 'COMMERCIAL', 'SENIOR OFFICER', 'STAF', '11', ' '),
('3108', 'AIF', 'Moh. Aif Ernalaga,Rd', '0900000', '6', 'aif.ernalaga@inti.co.id', 'MOH. ', '1500', 'DIREKTORAT BISNIS', 'PP.9210018', '031002', 'SBU BROADBAND', 'PP.8705029', 'PROYEK', 'MANAGER', 'STAF', '11', ''),
('', '', 'Moh. Andy Nugroho', '0900000', '6', 'moh.nugroho@inti.co.id', 'MOH. ', '3409', 'DIREKTORAT BISNIS', 'PP.9201001', '031200', 'SBU DEFENSE & DIGITAL SERVICE', 'PP.1808021', '', 'OFFICER', 'STAF', '', ''),
('', '', 'Mohamad Ichwan', '0900000', '6', 'ichwan@inti.co.id', 'MOHAMAD ', '1479', 'DIREKTORAT KEUANGAN', 'PP.8511175', '020802', 'HUMAN CAPITAL MANAGEMENT & QUALITY', 'PP.8508147', 'HR DEVELOPMENT', 'SENIOR OFFICER', 'STAF', '11', ''),
('', '', 'Muchlis', '0900000', '6', 'muchlis@inti.co.id', 'MUCHLIS', '2040', 'DIREKTORAT BISNIS', 'PP.9801015', '031002', 'SBU BROADBAND', 'PP.1210031', 'PROYEK', 'OFFICER', 'STAF', '11', ''),
('', '', 'Muhamad Fithryan', '0900000', '6', 'muhamad.fithryan@inti.co.id', 'MUHAMAD ', '3410', 'DIREKTORAT BISNIS', 'PP.0506009', '031000', 'SBU BROADBAND', 'PP.1808022', '', 'OFFICER', 'STAF', '', ''),
('2634', 'MULYONO', 'Muhamad Mulyono', '0312022', '4', 'mul@inti.co.id', 'MUHAMAD ', '1601', 'DIREKTORAT BISNIS', 'PP.1210024', '0312022', 'SBU DEFENSE & DIGITAL SERVICE', 'PP.8705027', 'PROYEK', 'MANAGER', 'KAUR PURNA JUAL', '11', 'PURNA JUAL'),
('', '', 'Muhamad Ridwan Widyantara', '0310015', '11', 'muhamad.widyantara@inti.co.id', 'MUHAMAD ', '2085', 'DIREKTORAT BISNIS', 'PP.0805002', '031001', 'SBU BROADBAND', 'PP.1311020', 'ENGINEERING', 'SENIOR OFFICER', 'AHLI TINGKAT 5 ENGINEERING', '11', ''),
('2815', '', 'Muhammad Adri', '0900000', '6', 'muhammad.adri@inti.co.id', 'MUHAMMAD ', '3411', 'DIREKTORAT KEUANGAN', 'PP.9203006', '020700', 'CORPORATE FINANCE', 'PP.1808023', '', 'OFFICER', 'STAF', '', ''),
('2745', '', 'Muhammad Arief Hajar', '0900000', '6', 'muhammad.hajar@inti.co.id', 'MUHAMMAD ', '3412', 'DIREKTORAT BISNIS', 'PP.0506009', '031000', 'SBU BROADBAND', 'PP.1808024', '', 'OFFICER', 'STAF', '', ''),
('2829', '', 'Muhammad Arswin Gilang Pratama', '0207041', '4', 'muhammad.arswin@inti.co.id', 'MUHAMMAD ', '3197', 'DIREKTORAT KEUANGAN', 'PP.9006003', '0207041', 'CORPORATE FINANCE', 'PP.1501016', 'AKUNTANSI KEUANGAN', 'STAFF', 'KAUR LAPORAN KEUANGAN', '11', 'LAPORAN KEUANGAN'),
('', '', 'Muhammad Saefurrozi', '01060052', '11', 'muhammad.saefurrozi@inti.co.id', 'MUHAMMAD ', '2051', 'DIREKTORAT UTAMA', 'PP.1210005', '010600', 'PENGEMBANGAN BISNIS DAN PRODUK', 'PP.1306008', '', 'SENIOR OFFICER', 'AHLI TINGKAT 5 PRODUCT & IT DEVELOPMENT DIV. BANG BIS DAN PROD', '11', ''),
('', '', 'Muhammad Zainuddin', '0900000', '6', 'muhammad.zainuddin@inti.co.id', 'MUHAMMAD ', '3413', 'DIREKTORAT BISNIS', 'PP.9201001', '031200', 'SBU DEFENSE & DIGITAL SERVICE', 'PP.1808025', '', 'OFFICER', 'STAF', '', ''),
('2837', 'TANTI', 'Muliasari Hartanti', '020803', '3', 'tanti@inti.co.id', 'MULIASARI ', '294', 'DIREKTORAT KEUANGAN', 'PP.9210038', '020803', 'HUMAN CAPITAL MANAGEMENT & QUALITY', 'PP.9203014', 'HR SERVICE', 'SENIOR MANAGER', 'KABAG HR SERVICE', '6', ''),
('2636', 'MULYO', 'Mulyo Sanyoto', '0900000', '6', 'mulyo@inti.co.id', 'MULYO ', '755', 'DIREKTORAT KEUANGAN', 'PP.9210038', '020800', 'HUMAN CAPITAL MANAGEMENT & QUALITY', 'PP.8806007', '', 'VICE PRESIDENT', 'STAF', '11', ''),
('2018', 'MUSLIM', 'Muslim Akhmadi', '010401', '3', 'muslim@inti.co.id', 'MUSLIM ', '1390', 'DIREKTORAT UTAMA', 'PP.9107021', '010401', 'SATUAN PENGAWASAN INTERN', 'PP.9210023', 'PERENCANAAN DAN PENGENDALIAN AUDIT', 'ASSISTANT VICE PRESIDENT', 'KABAG PERENCANAAN DAN PENGENDALIAN AUDIT', '6', ''),
('2277', '', 'Nadia Indah Devianty', '0209011', '4', 'nadia.devianty@inti.co.id', 'NADIA ', '3179', 'DIREKTORAT KEUANGAN', 'PP.9107032', '0209011', 'INFORMATION TECHNOLOGY DAN UMUM', 'PP.1501017', 'IT SERVICE ', 'OFFICER', 'KAUR SISTEM INFORMASI', '11', 'SISTEM INFORMASI'),
('3153', 'NANANG', 'Nanang Solehudin', '0310053', '4', 'na2ng@inti.co.id', 'NANANG ', '1345', 'DIREKTORAT BISNIS', 'PP.8712166', '0310053', 'SBU BROADBAND', 'PP.9306035', 'PENGADAAN', 'OFFICER', 'KAUR MATERIAL MANAGEMENT', '8', 'MATERIAL MANAGEMENT'),
('3108', 'NANANG', 'Nanang Suryana', '0900000', '6', 'nanks@inti.co.id', 'NANANG ', '1609', 'DIREKTORAT BISNIS', 'PP.9210018', '031002', 'SBU BROADBAND', 'PP.9408054', 'PROYEK', 'OFFICER', 'STAF', '8', ''),
('2519', 'NANANG', 'Nanang Sutisna Dana', '0311042', '4', 'nang@inti.co.id', 'NANANG ', '479', 'DIREKTORAT BISNIS', 'PP.9309077', '0311042', 'SBU SMART ENERGY', 'PP.8412149', 'PENGADAAN', 'SENIOR OFFICER', 'KAUR PENGADAAN', '8', 'PENGADAAN'),
('2799', 'NEDI', 'Nedi Kurniadi', '0310031', '4', 'nedi@inti.co.id', 'NEDI ', '900', 'DIREKTORAT BISNIS', 'PP.9801015', '0310031', 'SBU BROADBAND', 'PP.8707078', 'SERVICE', 'SENIOR OFFICER', 'KAUR PERENCANAAN DAN PENGENDALIAN SERVICE', '8', 'PERENCANAAN DAN PENGENDALIAN SERVICE'),
('2203', '', 'Nely Fauziyah', '0209003', '9', 'nely.fauziyah@inti.co.id', 'NELY ', '1972', 'DIREKTORAT KEUANGAN', 'PP.9107032', '020901', 'INFORMATION TECHNOLOGY DAN UMUM', 'PP.1108005', 'IT SERVICE ', 'SENIOR OFFICER', 'AHLI TINGKAT 3 SAP', '8', ''),
('2847', '', 'Nendang Irland', '020801', '3', 'nendang@inti.co.id', 'NENDANG ', '1118', 'DIREKTORAT KEUANGAN', 'PP.9210038', '020801', 'HUMAN CAPITAL MANAGEMENT & QUALITY', 'PP.8707054', 'QUALITY & RISK MANAGEMENT ', 'SENIOR OFFICER', 'KABAG QUALITY & RISK MANAGEMENT', '8', ''),
('2896', '', 'Nenden Siti Aisyah', '0208031', '4', 'nenden.aisyah@inti.co.id', 'NENDEN ', '1995', 'DIREKTORAT KEUANGAN', 'PP.9203014', '0208031', 'HUMAN CAPITAL MANAGEMENT & QUALITY', 'PP.1202019', 'HR SERVICE', 'OFFICER', 'KAUR DATA DAN REMUNERASI SDM', '11', 'DATA & REMUNERASI SDM'),
('2066', '', 'Neni Suryani', '0106011', '4', 'neni.suryani@inti.co.id', 'NENI ', '2011', 'DIREKTORAT UTAMA', 'PP.0711012', '0106011', 'PENGEMBANGAN BISNIS DAN PRODUK', 'PP.1210005', 'PRODUCT DEVELOPMENT SUPPORT', 'SENIOR OFFICER', 'KAUR ADMINISTRASI UMUM', '11', 'ADMINISTRASI UMUM'),
('2930', 'NIK NIK', 'Niknik Siti Maryam', '0105051', '4', 'niknik.maryam@inti.co.id', 'NIKNIK ', '712', 'DIREKTORAT UTAMA', 'PP.1202012', '0105051', 'SEKRETARIS PERUSAHAAN ', 'PP.9408041', 'PUBLIC RELATION', 'SENIOR OFFICER', 'KAUR INTERNAL & EKSTERNAL RELATION', '8', 'INTERNAL & EKSTERNAL RELATION'),
('2513', '', 'Niko Aditya', '0900000', '6', 'niko.aditya@inti.co.id', 'NIKO ', '3150', 'DIREKTORAT BISNIS', 'PP.1210024', '031102', 'SBU SMART ENERGY', 'PP.1406008', 'PROYEK', 'SENIOR OFFICER', 'STAF', '', ''),
('2907', '', 'Nilawaty Djuanda', '020200', '0', 'nilawati.dj@inti.co.id', 'NILAWATY ', '3211', 'DIREKTORAT KEUANGAN', 'DD.1702001', '020200', '', 'DD.1403001', '', '', 'DIREKTUR KEUANGAN', '', ' '),
('', '', 'Nisa Aulia Nurhasanah', '0900000', '6', 'nisa.nurhasanah@inti.co.id', 'NISA ', '3414', 'DIREKTORAT BISNIS', 'PP.0506009', '031000', 'SBU BROADBAND', 'PP.1808026', '', 'OFFICER', 'STAF', '', ''),
('4117', 'NONO', 'Nono Sutrisno', '0900000', '6', 'nono_s@inti.co.id', 'NONO ', '945', 'DIREKTORAT BISNIS', 'PP.8809018', '0313022', 'PRODUKSI', 'PP.9306019', 'REKAYASA PRODUKSI', 'OFFICER', 'STAF', '11', 'MANAJEMEN PRODUKSI'),
('2014', '', 'Normandia Yulianita', '0104011', '4', 'normandia.yulianita@inti.co.id', 'NORMANDIA ', '3191', 'DIREKTORAT UTAMA', 'PP.9210023', '0104011', 'SATUAN PENGAWASAN INTERN', 'PP.1501018', 'PERENCANAAN DAN PENGENDALIAN AUDIT', 'OFFICER', 'KAUR ADMINISTRASI PERENCANAAN DAN PENGENDALIAN AUDIT', '11', 'ADMINISTRASI PERENCANAAN DAN PENGENDALIAN AUDIT'),
('', '', 'Novi Septiani', '0900000', '6', 'novi.septiani@inti.co.id', 'NOVI ', '3415', 'DIREKTORAT KEUANGAN', 'PP.9210038', '020800', 'HUMAN CAPITAL MANAGEMENT & QUALITY', 'PP.1808027', '', 'OFFICER', 'STAF', '', ''),
('', '', 'Novia Inggrit Dewiayu S', '0900000', '6', 'novia.inggrit@inti.co.id', 'NOVIA ', '3416', 'DIREKTORAT UTAMA', 'PP.9309066', '010600', 'PENGEMBANGAN BISNIS DAN PRODUK', 'PP.1808028', '', 'OFFICER', 'STAF', '', ''),
('2932', '', 'Nunuy Purwaningrum', '020903', '3', 'nunuy@inti.co.id', 'NUNUY ', '1147', 'DIREKTORAT KEUANGAN', 'PP.9011018', '020903', 'INFORMATION TECHNOLOGY DAN UMUM', 'PP.8712189', 'PENGADAAN KORPORASI ', 'MANAGER', 'KABAG PENGADAAN KORPORASI', '6', ' '),
('2004', '', 'Nur Afifah', '0106013', '4', 'nur.afifah@inti.co.id', 'NUR ', '1987', 'DIREKTORAT UTAMA', 'PP.0711012', '0106013', 'PENGEMBANGAN BISNIS DAN PRODUK', 'PP.1202021', 'PRODUCT DEVELOPMENT SUPPORT', 'SENIOR OFFICER', 'KAUR PRODUCT QUALITY ASSURANCE', '11', 'PRODUCT QUALITY ASSURANCE'),
('2765', 'NUR', 'Nur Ridjantoro', '031003', '3', 'nur@inti.co.id', 'NUR ', '1848', 'DIREKTORAT BISNIS', 'PP.0506009', '031003', 'SBU BROADBAND', 'PP.9801015', 'SERVICE', 'SENIOR MANAGER', 'KABAG SERVICE', '6', ''),
('', '', 'Nur''Aeni Rahmayani', '0900000', '6', 'nuraeni.rahmayani@inti.co.id', 'NUR''AENI ', '3122', 'DIREKTORAT BISNIS', 'PP.9309077', '031104', 'SBU SMART ENERGY', 'PP.1406002', 'PENGADAAN', 'SENIOR OFFICER', 'STAF', '', ''),
('2920', 'NUR', 'Nurainy', '0900000', '6', 'nr@inti.co.id', 'NURAINY', '420', 'DIREKTORAT UTAMA', 'PP.1306012', '0105051', 'SEKRETARIS PERUSAHAAN ', 'PP.8707095', 'PUBLIC RELATION', 'MANAGER', 'STAF', '11', 'INTERNAL & EKSTERNAL RELATION'),
('2895', 'NUR', 'Nurillah W', '0900000', '6', 'noey@inti.co.id', 'NURILLAH ', '802', 'DIREKTORAT KEUANGAN', 'PP.1202019', '0208031', 'HUMAN CAPITAL MANAGEMENT & QUALITY', 'PP.9306008', 'HR SERVICE', 'SENIOR OFFICER', 'STAF', '11', 'DATA & REMUNERASI SDM'),
('5005', '', 'Nursyifa Fujiyati', '0105043', '4', 'nursyifa.fujiyati@inti.co.id', 'NURSYIFA ', '2053', 'DIREKTORAT UTAMA', 'PP.0711002', '0105043', 'SEKRETARIS PERUSAHAAN ', 'PP.1306010', 'BIRO DIREKSI', 'SENIOR OFFICER', 'KAUR CABANG JAKARTA', '11', 'CABANG JAKARTA'),
('', '', 'Nurtresna Gumilar', '0900000', '6', 'nurtresna.gumilar@inti.co.id', 'NURTRESNA ', '2034', 'DIREKTORAT BISNIS', 'PP.9210018', '031001', 'SBU BROADBAND', 'PP.1210025', 'ENGINEERING', 'OFFICER', 'STAF', '11', ''),
('4709', 'DINO', 'Odin Iron', '0900000', '6', 'odin@inti.co.id', 'ODIN ', '991', 'DIREKTORAT UTAMA', 'PP.1202021', '0106013', 'PENGEMBANGAN BISNIS DAN PRODUK', 'PP.8412213', 'PRODUCT DEVELOPMENT SUPPORT', 'SENIOR OFFICER', 'STAF', '11', 'PRODUCT QUALITY ASSURANCE'),
('2690', '', 'Oky Yudha Saputra', '0312004', '10', 'oky.saputra@inti.co.id', 'OKY ', '2025', 'DIREKTORAT BISNIS', 'PP.9201001', '031200', 'SBU DEFENSE & DIGITAL SERVICE', 'PP.1210016', '', 'SENIOR OFFICER', 'AHLI TINGKAT 4 ACCOUNT MANAGER DIV. DDS', '11', ''),
('4464', 'PARMONO', 'Parmono Raharjo', '01060022', '8', 'parmono@inti.co.id', 'PARMONO ', '468', 'DIREKTORAT UTAMA', 'PP.9309066', '010600', 'PENGEMBANGAN BISNIS DAN PRODUK', 'PP.9107027', '', 'SENIOR MANAGER', 'AHLI TINGKAT 2 PRODUCT & IT DEVELOPMENT DIV. BANG BIS DAN PROD', '6', ''),
('2038', 'PARWITO', 'Parwito', '01060012', '7', 'parwito@inti.co.id', 'PARWITO', '748', 'DIREKTORAT UTAMA', 'PP.9309066', '010600', 'PENGEMBANGAN BISNIS DAN PRODUK', 'PP.9210028', '', 'ASSISTANT VICE PRESIDENT', 'AHLI TINGKAT 1 PRODUCT & IT DEVELOPMENT DIV. BANG BIS DAN PROD', '6', ''),
('2748', 'PEPEP', 'Pepep Kusnadi', '0900000', '6', 'pepep.kusnadi@inti.co.id', 'PEPEP ', '410', 'DIREKTORAT BISNIS', 'PP.9210018', '031002', 'SBU BROADBAND', 'PP.8707060', 'PROYEK', 'SENIOR OFFICER', 'STAF', '11', ''),
('', 'PRABANG', 'Prabang Timur', '031100', '1', 'prabang@inti.co.id', 'PRABANG ', '709', 'DIREKTORAT BISNIS', 'DD.1712001', '031100', 'SBU SMART ENERGY', 'PP.8902010', '', 'ASSISTANT VICE PRESIDENT', 'KA SBU SMART ENERGY', '4', ''),
('2782', '', 'Pradhana Riza Fadila', '0310015', '11', 'pradhana.riza@inti.co.id', 'PRADHANA ', '3174', 'DIREKTORAT BISNIS', 'PP.0805002', '031001', 'SBU BROADBAND', 'PP.1501019', 'ENGINEERING', 'OFFICER', 'AHLI TINGKAT 5 ENGINEERING', '11', ''),
('2507', '', 'Pradhono Prihanggoro', '0311021', '4', 'pradhono.prihanggoro@inti.co.id', 'PRADHONO ', '3134', 'DIREKTORAT BISNIS', 'PP.1210024', '0311021', 'SBU SMART ENERGY', 'PP.1406006', 'PROYEK', 'SENIOR OFFICER', 'KAUR PERENCANAAN DAN PENGENDALIAN PROYEK', '', 'PERENCANAAN DAN PENGENDALIAN PROYEK'),
('4212', '', 'Prahita Sri Rahayuningrat', '0900000', '6', 'prahita.rahayuningrat@inti.co.id', 'PRAHITA ', '3417', 'DIREKTORAT BISNIS', 'PP.9801001', '031300', 'PRODUKSI', 'PP.1808029', '', 'OFFICER', 'STAF', '', ''),
('2818', '', 'Primadi Sulaeman', '0207012', '4', 'primadi.sulaeman@inti.co.id', 'PRIMADI ', '3187', 'DIREKTORAT KEUANGAN', 'PP.1501020', '0207012', 'CORPORATE FINANCE', 'PP.1501020', 'STRATEGI PENDANAAN', 'OFFICER', 'KAUR PENGELOLAAN DANA', '11', 'PENGELOLAAN DANA'),
('2516', 'ADJI', 'Purnomo Adji', '031101', '3', 'p_adji@inti.co.id', 'PURNOMO ', '676', 'DIREKTORAT BISNIS', 'PP.8902010', '031101', 'SBU SMART ENERGY', 'PP.9408011', 'ENGINEERING', 'SENIOR OFFICER', 'KABAG ENGINEERING', '6', ' '),
('2531', '', 'Purwanto Kamin', '0900000', '6', 'purwanto@inti.co.id', 'PURWANTO ', '1333', 'DIREKTORAT BISNIS', 'PP.9210018', '031002', 'SBU BROADBAND', 'PP.9408009', 'PROYEK', 'SENIOR OFFICER', 'STAF', '11', ''),
('', '', 'Puspita Pratiwi', '0900000', '6', 'puspita.pratiwi@inti.co.idO', 'PUSPITA ', '3330', 'DIREKTORAT BISNIS', 'PP.8709099', '0312051', 'SBU DEFENSE & DIGITAL SERVICE', 'PP.1701001', 'COMMERCIAL', 'OFFICER', 'STAF', '', 'SALES ADMINITRATION'),
('', '', 'Putri Amelia Dirgahayu', '0900000', '6', 'putri.amelia@inti.co.id', 'PUTRI ', '3418', 'DIREKTORAT UTAMA', 'PP.9011018', '010500', 'SEKRETARIS PERUSAHAAN ', 'PP.1808030', '', 'OFFICER', 'STAF', '', ''),
('2891', 'PUTTY', 'Putty Octaviany Purwadiputri', '0105024', '10', 'putty@inti.co.id', 'PUTTY ', '1962', 'DIREKTORAT UTAMA', 'PP.0912001', '010502', 'SEKRETARIS PERUSAHAAN ', 'PP.1005001', 'HUKUM ', 'SENIOR OFFICER', 'AHLI TINGKAT 4 HUKUM', '11', ''),
('', '', 'R. Budi Supriyono', 'Z2012500F', '6', 'rbudis@inti.co.id', 'R. ', '1410', 'DIREKTORAT KEUANGAN', 'DD.1702001', '020800', 'HUMAN CAPITAL MANAGEMENT & QUALITY', 'PP.8809015', '', 'ASSISTANT VICE PRESIDENT', 'DIREKTUR PT MGIU', '11', ''),
('2559', 'ERIS', 'R. Eris Osman Rifki', '0311012A', '8', 'eris.rifki@inti.co.id', 'R. ', '1849', 'DIREKTORAT BISNIS', 'PP.1311006', '031101', 'SBU SMART ENERGY', 'PP.9801016', 'ENGINEERING', 'SENIOR MANAGER', 'AHLI TINGKAT 2 ENGINEERING', '6', ' '),
('', 'IWAN', 'R. Iwan Supriawan', '0900000', '6', 'elvis@inti.co.id', 'R. ', '1485', 'DIREKTORAT KEUANGAN', 'PP.1501033', '020802', 'HUMAN CAPITAL MANAGEMENT & QUALITY', 'PP.9203015', 'HR DEVELOPMENT', 'MANAGER', 'STAF', '11', ''),
('2855', 'RACHMAT', 'Rachmat Sugiarto', '020703', '3', 'rachmat@inti.co.id', 'RACHMAT ', '340', 'DIREKTORAT KEUANGAN', 'PP.9203006', '020703', 'CORPORATE FINANCE', 'PP.8601010', 'PAJAK ', 'MANAGER', 'KABAG PAJAK', '6', ''),
('', '', 'Raden Rizqy Andarysan', '0900000', '6', 'raden.andarysan@inti.co.id', 'RADEN ', '3419', 'DIREKTORAT KEUANGAN', 'PP.9210038', '020800', 'HUMAN CAPITAL MANAGEMENT & QUALITY', 'PP.1808031', '', 'OFFICER', 'STAF', '', ''),
('2885', '', 'Raden Siti Sari Dewi', '0105022', '4', 'siti.dewi@inti.co.id', 'RADEN ', '2004', 'DIREKTORAT UTAMA', 'PP.0912001', '0105022', 'SEKRETARIS PERUSAHAAN ', 'PP.1202022', 'HUKUM ', 'SENIOR OFFICER', 'KAUR PERENCANAAN DAN PENGENDALIAN GCG', '11', 'PERENCANAAN DAN PENGENDALIAN GCG'),
('2736', '', 'Radityo Wahyu Gustomo', '0900000', '6', 'radityo.gustomo@inti.co.id', 'RADITYO ', '2054', 'DIREKTORAT BISNIS', 'PP.9210018', '031001', 'SBU BROADBAND', 'PP.1306011', 'ENGINEERING', 'SENIOR OFFICER', 'STAF', '11', ''),
('', '', 'Ramania Kartikaningtyas', '0900000', '6', 'ramania.kartikaningtyas@inti.co.id', 'RAMANIA ', '3420', 'DIREKTORAT BISNIS', 'PP.0506009', '031000', 'SBU BROADBAND', 'PP.1808032', '', 'OFFICER', 'STAF', '', ''),
('2880', 'RAMDAN', 'Ramdhan Joko Mulyawan', '0900000', '6', 'ramdan@inti.co.id', 'RAMDHAN ', '475', 'DIREKTORAT KEUANGAN', 'PP.8709120', '0209022', 'INFORMATION TECHNOLOGY DAN UMUM', 'PP.8707071', 'UMUM', 'MANAGER', 'STAF', '11', 'PEMELIHARAAN PROPERTI '),
('2664', '', 'Ratna Purwitasari', '0900000', '6', 'ratna.purwitasari@inti.co.id', 'RATNA ', '2038', 'DIREKTORAT BISNIS', 'PP.0805001', '031205', 'SBU DEFENSE & DIGITAL SERVICE', 'PP.1210029', 'COMMERCIAL', 'SENIOR OFFICER', 'STAF', '8', ''),
('2825', '', 'Rendra Haswari Noviarini', '0310014', '10', 'rendra.haswarinov@inti.co.id', 'RENDRA ', '1931', 'DIREKTORAT BISNIS', 'PP.0805002', '031001', 'SBU BROADBAND', 'PP.0506012', 'ENGINEERING', 'SENIOR OFFICER', 'AHLI TINGKAT 4 ENGINEERING', '8', ''),
('2902', '', 'Rendra Haswari Stevina H', '0105041', '4', 'rendra.hanesthi@inti.co.id', 'RENDRA ', '2055', 'DIREKTORAT UTAMA', 'PP.0711002', '0105041', 'SEKRETARIS PERUSAHAAN ', 'PP.1306012', 'BIRO DIREKSI', 'SENIOR OFFICER', 'KAUR SEKRETARIAT DIREKSI', '8', 'SEKRETARIAT DIREKSI'),
('2814', '', 'Resna Ria Asmara', '0208021', '4', 'resna.asmara@inti.co.id', 'RESNA ', '3200', 'DIREKTORAT KEUANGAN', 'PK.1804001', '0208021', 'HUMAN CAPITAL MANAGEMENT & QUALITY', 'PP.1501023', 'HR DEVELOPMENT', 'OFFICER', 'KAUR MAN POWER PLANNING DAN MANAJEMEN KARIR', '11', 'MAN POWER PLANNING DAN MANAJEMEN KARIR'),
('2705', 'RIA', 'Ria Kurniati', '0900000', '6', 'ria@inti.co.id', 'RIA ', '1208', 'DIREKTORAT BISNIS', 'PP.8809019', '031004', 'SBU BROADBAND', 'PP.9408048', 'KEUANGAN', 'SENIOR OFFICER', 'STAF', '11', ''),
('', '', 'Ribut Wibowo', '0900000', '6', 'ribut@inti.co.id', 'RIBUT ', '878', 'DIREKTORAT BISNIS', 'PP.9801015', '031003', 'SBU BROADBAND', 'PP.8712175', 'SERVICE', 'SENIOR OFFICER', 'STAF', '11', ''),
('', '', 'Rica Nurhaeni', '0900000', '6', 'rica.nurhaeni@inti.co.id', 'RICA ', '3421', 'DIREKTORAT KEUANGAN', 'PP.9210038', '020800', 'HUMAN CAPITAL MANAGEMENT & QUALITY', 'PP.1808033', '', 'OFFICER', 'STAF', '', ''),
('', '', 'Ridho Aulia Rufinaldo', '0900000', '6', 'ridho.aulia@inti.co.id', 'RIDHO ', '3172', 'DIREKTORAT BISNIS', 'PP.9210018', '031003', 'SBU BROADBAND', 'PP.1501025', 'SERVICE', 'OFFICER', 'STAF', '11', ''),
('2706', 'RIDWAN', 'Ridwan Yusuf W.', '0900000', '6', 'ridwan_yusuf@inti.co.id', 'RIDWAN ', '1085', 'DIREKTORAT BISNIS', 'PP.9801015', '031003', 'SBU BROADBAND', 'PP.8602026', 'SERVICE', 'SENIOR OFFICER', 'STAF', '11', ''),
('2201', '', 'Rifa Hendriana', '0900000', '6', 'rifa.hendriana@inti.co.id', 'RIFA ', '2088', 'DIREKTORAT KEUANGAN', 'PP.1108001', '0209012', 'INFORMATION TECHNOLOGY DAN UMUM', 'PP.1311023', 'IT SERVICE ', 'SENIOR OFFICER', 'STAF', '11', 'IT QUALITY ASSURANCE'),
('', '', 'Rifal Alfaruq', '0900000', '6', 'rifal.alfaruq@inti.co.id', 'RIFAL ', '3153', 'DIREKTORAT BISNIS', 'PP.1210024', '031102', 'SBU SMART ENERGY', 'PP.1406010', 'PROYEK', 'SENIOR OFFICER', 'STAF', '', ''),
('2660', '', 'Rika Fitria', '0312041', '4', 'rika.fitria@inti.co.id', 'RIKA ', '1979', 'DIREKTORAT BISNIS', 'PP.0805001', '0312041', 'SBU DEFENSE & DIGITAL SERVICE', 'PP.1202024', 'PENGADAAN', 'SENIOR OFFICER', 'KAUR PERENCANAAN DAN PENGENDALIAN PENGADAAN', '11', 'PERENCANAAN DAN PENGENDALIAN PENGADAAN'),
('2680', '', 'Rikky Rizqi Ramadi', '0312004', '10', 'rikky.ramadi@inti.co.id', 'RIKKY ', '3192', 'DIREKTORAT BISNIS', 'PP.9201001', '031200', 'SBU DEFENSE & DIGITAL SERVICE', 'PP.1501026', '', 'OFFICER', 'AHLI TINGKAT 4 ACCOUNT MANAGER DIV. DDS', '11', ''),
('2620', '', 'Ringga Pratama', '0312004', '10', 'ringga.pratama@inti.co.id', 'RINGGA ', '1985', 'DIREKTORAT BISNIS', 'PP.9201001', '031200', 'SBU DEFENSE & DIGITAL SERVICE', 'PP.1202025', '', 'SENIOR OFFICER', 'AHLI TINGKAT 4 ACCOUNT MANAGER DIV. DDS', '11', ''),
('', '', 'Rini Apriyanti Purba', '0900000', '6', 'rini.purba@inti.co.id', 'RINI ', '3422', 'DIREKTORAT UTAMA', 'PP.9309066', '010600', 'PENGEMBANGAN BISNIS DAN PRODUK', 'PP.1808034', '', 'OFFICER', 'STAF', '', ''),
('4208', 'RIRI', 'Riri Riyadi', '0900000', '6', 'riri_r@inti.co.id', 'RIRI ', '871', 'DIREKTORAT BISNIS', 'PP.8809018', '0313022', 'PRODUKSI', 'PP.8705004', 'REKAYASA PRODUKSI', 'SENIOR OFFICER', 'STAF', '11', 'MANAJEMEN PRODUKSI'),
('', '', 'Risky Putri Perwati', '0900000', '6', 'risky.putri@inti.co.id', 'RISKY ', '3423', 'DIREKTORAT BISNIS', 'PP.9201001', '031200', 'SBU DEFENSE & DIGITAL SERVICE', 'PP.1808035', '', 'OFFICER', 'STAF', '', ''),
('2657', 'RISLAN', 'Rislan', '0900000', '6', 'rislan@inti.co.id', 'RISLAN', '645', 'DIREKTORAT UTAMA', 'PP.9306053', '0105032', 'SEKRETARIS PERUSAHAAN ', 'PP.8705025', 'PKBL', 'MANAGER', 'STAF', '11', 'OPERASIONAL PKBL'),
('2601', 'RITA', 'Rita Meyrawati', '0900000', '6', 'rita@inti.co.id', 'RITA ', '1058', 'DIREKTORAT KEUANGAN', 'PP.8707074', '0209023', 'INFORMATION TECHNOLOGY DAN UMUM', 'PP.9306026', 'UMUM', 'OFFICER', 'STAF', '11', 'PELAYANAN UMUM & K3LH'),
('2518', '', 'Rizky Junita S. Harahap', '0311032', '4', 'rizky.harahap@inti.co.id', 'RIZKY ', '2041', 'DIREKTORAT BISNIS', 'PP.9306029', '0311032', 'SBU SMART ENERGY', 'PP.1210032', 'KEUANGAN', 'OFFICER', 'KAUR BENDAHARA DAN VERIFIKASI', '8', 'BENDAHARA DAN VERIFIKASI'),
('2250', '', 'Rizqi Ayunda Pratama', 'Z2012500C', '6', 'rizqi.pratama@inti.co.id', 'RIZQI ', '2022', 'DIREKTORAT KEUANGAN', 'DD.1702001', '020800', 'HUMAN CAPITAL MANAGEMENT & QUALITY', 'PP.1210014', '', 'SENIOR OFFICER', 'DIREKTUR PT IKI', '8', ''),
('2543', '', 'Robby Gilang Ramadani Tobing', '0311012', '4', 'robby.tobing@inti.co.id', 'ROBBY ', '2090', 'DIREKTORAT BISNIS', 'PP.9408011', '0311012', 'SBU SMART ENERGY', 'PP.1311024', 'ENGINEERING', 'SENIOR OFFICER', 'KAUR KUALITAS', '8', 'KUALITAS'),
('2226', '', 'Robiyansyah', '0900000', '6', 'robiyansyah@inti.co.id', 'ROBIYANSYAH', '3424', 'DIREKTORAT KEUANGAN', 'PP.1108001', '020900', 'INFORMATION TECHNOLOGY DAN UMUM', 'PP.1808036', '', 'OFFICER', 'STAF', '', ''),
('2894', 'IRMA', 'Rohayati', '0900000', '6', 'irma@inti.co.id', 'ROHAYATI', '1000', 'DIREKTORAT KEUANGAN', 'PP.8511175', '020802', 'HUMAN CAPITAL MANAGEMENT & QUALITY', 'PP.9306036', 'HR DEVELOPMENT', 'OFFICER', 'STAF', '11', ''),
('3186', 'UJANG', 'Rohman Dede C.', '010503', '3', 'rohman.dede@inti.co.id', 'ROHMAN ', '395', 'DIREKTORAT UTAMA', 'PP.9011018', '010503', 'SEKRETARIS PERUSAHAAN ', 'PP.8412153', 'PKBL', 'SENIOR OFFICER', 'KABAG PKBL', '6', ''),
('', '', 'Rohman Sudirman', '0900000', '6', 'rohman.sudirman@inti.co.id', 'ROHMAN ', '1038', 'DIREKTORAT BISNIS', 'PP.9210018', '031002', 'SBU BROADBAND', 'PP.8504051', 'PROYEK', 'SENIOR OFFICER', 'STAF', '11', ''),
('3103', 'RAHMAT', 'Rohmat Sahdi', '0900000', '6', 'rohmat-sahdi@inti.co.id', 'ROHMAT ', '1370', 'DIREKTORAT KEUANGAN', 'PP.8707074', '0209023', 'INFORMATION TECHNOLOGY DAN UMUM', 'PP.8602043', 'UMUM', 'OFFICER', 'STAF', '11', 'PELAYANAN UMUM & K3LH'),
('2679', '', 'Rosa Ulina Manik', '0900000', '6', 'rosa.ulina@inti.co.id', 'ROSA ', '3184', 'DIREKTORAT BISNIS', 'PP.8709099', '0312051', 'SBU DEFENSE & DIGITAL SERVICE', 'PP.1501028', 'COMMERCIAL', 'OFFICER', 'STAF', '11', 'SALES ADMINITRATION'),
('2767', 'O N Y', 'Rr. Ony Suswati', '031004', '3', 'ony.suswati@inti.co.id', 'RR. ', '1606', 'DIREKTORAT BISNIS', 'PP.0506009', '031004', 'SBU BROADBAND', 'PP.8809019', 'KEUANGAN', 'SENIOR MANAGER', 'KABAG KEUANGAN', '6', ''),
('2000', 'RUDY', 'Rudi Lizwaril', '010400', '2', 'rudy@inti.co.id', 'RUDI ', '714', 'DIREKTORAT UTAMA', 'DD.1702001', '010400', 'SATUAN PENGAWASAN INTERN', 'PP.9107021', '', 'ASSISTANT VICE PRESIDENT', 'KADIV SATUAN PENGAWASAN INTERN', '11', ''),
('2515', 'RUDI', 'Rudi Rosadi', '0900000', '6', 'rudir@inti.co.id', 'RUDI ', '654', 'DIREKTORAT BISNIS', 'PP.9210018', '031002', 'SBU BROADBAND', 'PP.8709111', 'PROYEK', 'SENIOR OFFICER', 'STAF', '11', ''),
('', '', 'Rudy Abmi Ansyari Pane', '0900000', '6', 'rudy.abmi@inti.co.id', 'RUDY ', '3325', 'DIREKTORAT UTAMA', 'PP.9309066', '010600', 'PENGEMBANGAN BISNIS DAN PRODUK', 'PK.1606003', '', 'OFFICER', 'STAF', '', ''),
('3115', 'RUHIYAT', 'Ruhiyat Engkim', '0900000', '6', 'ruhiyat@inti.co.id', 'RUHIYAT ', '414', 'DIREKTORAT BISNIS', 'PP.8809018', '0313022', 'PRODUKSI', 'PP.8707062', 'REKAYASA PRODUKSI', 'SENIOR OFFICER', 'STAF', '11', 'MANAJEMEN PRODUKSI'),
('', 'ADEK', 'Rusdi Amin Harahap', '01060021', '8', 'rusdi.aminharahap@inti.co.id', 'RUSDI ', '1926', 'DIREKTORAT UTAMA', 'PP.9309066', '010600', 'PENGEMBANGAN BISNIS DAN PRODUK', 'PP.0506007', '', 'MANAGER', 'AHLI TINGKAT 2 BUSINESS DEVELOPMENT DIV. BANG BIS DAN PROD', '11', ''),
('3113', 'RUSLI', 'Rusli Diansyah', '0900000', '6', 'rusli@inti.co.id', 'RUSLI ', '1557', 'DIREKTORAT BISNIS', 'PP.8712166', '031005', 'SBU BROADBAND', 'PP.9408023', 'PENGADAAN', 'SENIOR OFFICER', 'STAF', '11', ''),
('3187', 'RUSTAM', 'Rustam Sumardi', '0900000', '6', 'rustam@inti.co.id', 'RUSTAM ', '1218', 'DIREKTORAT BISNIS', 'PP.9210018', '031005', 'SBU BROADBAND', 'PP.8602022', 'PENGADAAN', 'SENIOR OFFICER', 'STAF', '11', ''),
('2817', 'SAAD', 'Saad Noor', '0208002', '8', 'saad@inti.co.id', 'SAAD ', '1417', 'DIREKTORAT KEUANGAN', 'PP.9210038', '020800', 'HUMAN CAPITAL MANAGEMENT & QUALITY', 'PP.8712163', '', 'SENIOR MANAGER', 'AHLI TINGKAT 2 ORGANIZATION DEVELOPMENT & HR SYSTEM, DAN QUALITY & RISK MANAGEMENET', '6', ''),
('2723', 'NADI', 'Sadnadi', '0900000', '6', 'sadnadi@inti.co.id', 'SADNADI', '296', 'DIREKTORAT KEUANGAN', 'PP.9210038', '020800', 'HUMAN CAPITAL MANAGEMENT & QUALITY', 'PP.8707084', '', 'SENIOR OFFICER', 'STAF', '8', ''),
('3131', 'SAEFUL', 'Saeful Mutakin', '0900000', '6', 'saeful.m@inti.co.id', 'SAEFUL ', '956', 'DIREKTORAT BISNIS', 'PP.0805001', '0312043', 'SBU DEFENSE & DIGITAL SERVICE', 'PP.8412147', 'PENGADAAN', 'SENIOR OFFICER', 'STAF', '11', 'MATERIAL MANAGEMENT'),
('', 'SAEPUDIN', 'Saepudin Yunus', '0900000', '6', 'saepudin@inti.co.id', 'SAEPUDIN ', '659', 'DIREKTORAT BISNIS', 'PP.9210018', '031006', 'SBU BROADBAND', 'PP.9408070', 'COMMERCIAL', 'OFFICER', 'STAF', '11', ' '),
('2710', '', 'Samsul Arifin', '0900000', '6', 'ole@inti.co.id', 'SAMSUL ', '1286', 'DIREKTORAT BISNIS', 'PP.8712166', '031005', 'SBU BROADBAND', 'PP.8505075', 'PENGADAAN', 'MANAGER', 'STAF', '11', ''),
('', '', 'Santoso Ibnutoro', '0900000', '6', 'santoso.ibnutoro@inti.co.id', 'SANTOSO ', '3425', 'DIREKTORAT UTAMA', 'PP.9309066', '010600', 'PENGEMBANGAN BISNIS DAN PRODUK', 'PP.1808037', '', 'OFFICER', 'STAF', '', ''),
('', '', 'Santy Fauziyah', '0900000', '6', 'santy.fauziyah@inti.co.id', 'SANTY ', '3426', 'DIREKTORAT BISNIS', 'PP.0506009', '031000', 'SBU BROADBAND', 'PP.1808038', '', 'OFFICER', 'STAF', '', ''),
('', '', 'Satria Hanafie', '0900000', '6', 'satria.hanafie@inti.co.id', 'SATRIA ', '3427', 'DIREKTORAT BISNIS', 'PP.0506009', '031000', 'SBU BROADBAND', 'PP.1808039', '', 'OFFICER', 'STAF', '', ''),
('2804', '', 'Setiawan', '0900000', '6', 'setiawan@inti.co.id', 'SETIAWAN', '1302', 'DIREKTORAT UTAMA', 'PP.1202022', '0105021', 'SEKRETARIS PERUSAHAAN ', 'PP.9306046', 'HUKUM ', 'OFFICER', 'STAF', '11', 'PENGELOLAAN INFORMASI & DUKUNGAN HUKUM'),
('2735', '', 'Setiawan Abas', '031005', '3', 'setia@inti.co.id', 'SETIAWAN ', '919', 'DIREKTORAT BISNIS', 'PP.0506009', '031005', 'SBU BROADBAND', 'PP.8712166', 'PENGADAAN', 'MANAGER', 'KABAG PENGADAAN', '6', ''),
('2757', '', 'Setiyowibowo Aditya Prabhata', '0310015', '11', 'setiyo.prabhata@inti.co.id', 'SETIYOWIBOWO ', '2058', 'DIREKTORAT BISNIS', 'PP.9210018', '031001', 'SBU BROADBAND', 'PP.1306014', 'ENGINEERING', 'SENIOR OFFICER', 'AHLI TINGKAT 5 ENGINEERING', '11', ''),
('2209', '', 'Setyo Utoro', '0209013', '4', 'setyo.utoro@inti.co.id', 'SETYO ', '2059', 'DIREKTORAT KEUANGAN', 'PP.9107032', '0209013', 'INFORMATION TECHNOLOGY DAN UMUM', 'PP.1306015', 'IT SERVICE ', 'SENIOR OFFICER', 'KAUR IT INFRASTRUKTUR', '8', 'IT INFRASTRUKTUR'),
('2517', '', 'Soewandhi', '0900000', '6', 'wandhi@inti.co.id', 'SOEWANDHI', '476', 'DIREKTORAT BISNIS', 'PP.1210024', '031102', 'SBU SMART ENERGY', 'PP.8705014', 'PROYEK', 'MANAGER', 'STAF', '11', ''),
('4457', '', 'Soewarto Waroedjoe', '0900000', '6', 'suwarto@inti.co.id', 'SOEWARTO ', '1273', 'DIREKTORAT UTAMA', 'PP.9408012', '0106012', 'PENGEMBANGAN BISNIS DAN PRODUK', 'PP.8602031', 'PRODUCT DEVELOPMENT SUPPORT', 'SENIOR OFFICER', 'STAF', '11', 'DOKUMEN PENGEMBANGAN '),
('', 'SOFYAN', 'Sofyan David Subiyanto', '01060041', '10', 'david.subijanto@inti.co.id', 'SOFYAN ', '1857', 'DIREKTORAT UTAMA', 'PP.9309066', '010600', 'PENGEMBANGAN BISNIS DAN PRODUK', 'PP.9801018', '', 'SENIOR MANAGER', 'AHLI TINGKAT 4 BUSINESS DEVELOPMENT DIV. BANG BIS DAN PROD', '9', ''),
('', 'SOLIHAT', 'Solihat Mahyudin', '0900000', '6', 'solihat@inti.co.id', 'SOLIHAT ', '536', 'DIREKTORAT KEUANGAN', 'PP.8707054', '020801', 'HUMAN CAPITAL MANAGEMENT & QUALITY', 'PP.8709105', 'QUALITY & RISK MANAGEMENT ', 'SENIOR OFFICER', 'STAF', '11', ''),
('2451', 'SONI', 'Soni Dradjat R.', '0900000', '6', 'soni@inti.co.id', 'SONI ', '859', 'DIREKTORAT BISNIS', 'PP.9210018', '031004', 'SBU BROADBAND', 'PP.8502019', 'KEUANGAN', 'SENIOR OFFICER', 'STAF', '8', ''),
('4614', '', 'Sopyan Basyar', '0900000', '6', 'sopyan@inti.co.id', 'SOPYAN ', '961', 'DIREKTORAT BISNIS', 'PP.8712166', '031005', 'SBU BROADBAND', 'PP.8504041', 'PENGADAAN', 'SENIOR OFFICER', 'STAF', '11', ''),
('2838', 'YANTI', 'Sri Dharwiyanti', '010501', '3', 'dharwiyanti@inti.co.id', 'SRI ', '1861', 'DIREKTORAT UTAMA', 'PP.9011018', '010501', 'SEKRETARIS PERUSAHAAN ', 'PP.9402001', 'PERENCANAAN DAN PENGENDALIAN STRATEGIS', 'SENIOR MANAGER', 'KABAG PERENCANAAN DAN PENGENDALIAN STRATEGIS', '4', ''),
('2571', 'HARSONO', 'Sri Harsono', '0311013', '9', 'sri@inti.co.id', 'SRI ', '1858', 'DIREKTORAT BISNIS', 'PP.1311006', '031101', 'SBU SMART ENERGY', 'PP.9801008', 'ENGINEERING', 'SENIOR MANAGER', 'AHLI TINGKAT 3 ENGINEERING', '11', ' '),
('2802', '', 'Sri Martini', '0900000', '6', 'martini@inti.co.id', 'SRI ', '1231', 'DIREKTORAT KEUANGAN', 'PP.1501020', '020701', 'CORPORATE FINANCE', 'PP.9408037', 'STRATEGI PENDANAAN', 'SENIOR OFFICER', 'STAF', '11', ''),
('2821', 'SRI', 'Sri Rosfina Dahliana', '0207042', '4', 'sri_r@inti.co.id', 'SRI ', '706', 'DIREKTORAT KEUANGAN', 'PP.9006003', '0207042', 'CORPORATE FINANCE', 'PP.8712183', 'AKUNTANSI KEUANGAN', 'MANAGER', 'KAUR AKUNTANSI UMUM', '8', 'AKUNTANSI UMUM'),
('4464', 'AGUNG', 'St. Agung Murdiyono S.', '01060031', '9', 'agungmur@inti.co.id', 'ST. ', '1850', 'DIREKTORAT UTAMA', 'PP.9309066', '010600', 'PENGEMBANGAN BISNIS DAN PRODUK', 'PP.9801005', '', 'SENIOR MANAGER', 'AHLI TINGKAT 3 BUSINESS DEVELOPMENT DIV. BANG BIS DAN PROD', '11', ''),
('', '', 'Suci Ramadhian', '0310004', '10', 'suci.ramadhian@inti.co.id', 'SUCI ', '2027', 'DIREKTORAT BISNIS', 'PP.0506009', '031000', 'SBU BROADBAND', 'PP.1210018', '', 'SENIOR OFFICER', 'AHLI TINGKAT 4 ACCOUNT MANAGER DIV. BBD', '11', ''),
('2347', 'SUDIRMAN', 'Sudirman Wiradimadja', '0310052', '4', 'dira@inti.co.id', 'SUDIRMAN ', '682', 'DIREKTORAT BISNIS', 'PP.8712166', '0310052', 'SBU BROADBAND', 'PP.8102067', 'PENGADAAN', 'SENIOR OFFICER', 'KAUR PENGADAAN', '8', 'PENGADAAN'),
('', 'SUDRIANTO', 'Sudrianto', '0900000', '6', 'sudri@inti.co.id', 'SUDRIANTO', '1100', 'DIREKTORAT BISNIS', 'PP.1210024', '031102', 'SBU SMART ENERGY', 'PP.8507087', 'PROYEK', 'SENIOR OFFICER', 'STAF', '11', ''),
('', 'SUGARMAM', 'Sugarmana', '0900000', '6', 'sugarmana@inti.co.id', 'SUGARMANA', '243', 'DIREKTORAT KEUANGAN', 'PP.1501033', '020802', 'HUMAN CAPITAL MANAGEMENT & QUALITY', 'PP.9306041', 'HR DEVELOPMENT', 'OFFICER', 'STAF', '11', ''),
('3187', 'SUGENG', 'Sugeng Abdul K.', '0900000', '6', 'sugengak@inti.co.id', 'SUGENG ', '490', 'DIREKTORAT KEUANGAN', 'PP.8709120', '0209022', 'INFORMATION TECHNOLOGY DAN UMUM', 'PP.8712188', 'UMUM', 'SENIOR OFFICER', 'STAF', '11', 'PEMELIHARAAN PROPERTI '),
('3135', 'SUGENG', 'Sugeng M.W', '0900000', '6', 'sugeng_mw@inti.co.id', 'SUGENG ', '1263', 'DIREKTORAT BISNIS', 'PP.9309077', '031104', 'SBU SMART ENERGY', 'PP.8602025', 'PENGADAAN', 'SENIOR OFFICER', 'STAF', '11', ''),
('4616', 'SUGENG', 'Sugeng Siswanto', '0900000', '6', 'sugeng@inti.co.id', 'SUGENG ', '1509', 'DIREKTORAT KEUANGAN', 'PP.9210038', '020800', 'HUMAN CAPITAL MANAGEMENT & QUALITY', 'PP.8809017', '', 'SENIOR MANAGER', 'STAF', '6', ''),
('2531', 'HANDA', 'Suhanda A.Sumarya', '0900000', '6', 'suhanda@inti.co.id', 'SUHANDA ', '1308', 'DIREKTORAT KEUANGAN', 'PP.9210038', '020800', 'HUMAN CAPITAL MANAGEMENT & QUALITY', 'PP.8507091', '', 'SENIOR OFFICER', 'STAF', '11', ''),
('3106', 'HARDI', 'Suhardi Hadi S.', '0900000', '6', 'suhardi@inti.co.id', 'SUHARDI ', '1281', 'DIREKTORAT UTAMA', 'PP.8707057', '0106023', 'PENGEMBANGAN BISNIS DAN PRODUK', 'PP.8602027', 'PRODUCT MANAGEMENT', 'SENIOR OFFICER', 'STAF', '11', 'RICE & BUSINESS INCUBATOR'),
('2524', 'SUHENDAR', 'Suhendar Sabita', '0900000', '6', 'hendar@inti.co.id', 'SUHENDAR ', '674', 'DIREKTORAT BISNIS', 'PP.1210024', '031102', 'SBU SMART ENERGY', 'PP.8712169', 'PROYEK', 'SENIOR OFFICER', 'STAF', '8', ''),
('2825', 'HENDAR', 'Suhendar Suhaman', '0900000', '6', 'hendar_jts@inti.co.id', 'SUHENDAR ', '1229', 'DIREKTORAT KEUANGAN', 'PP.1202019', '020803', 'HUMAN CAPITAL MANAGEMENT & QUALITY', 'PP.8507141', 'HR SERVICE', 'SENIOR OFFICER', 'STAF', '11', ''),
('', 'HENDRA', 'Suhendra Salim', '0207023', '4', 'suhendra@inti.co.id', 'SUHENDRA ', '1307', 'DIREKTORAT KEUANGAN', 'PP.9203006', '0207023', 'CORPORATE FINANCE', 'PP.8507092', 'PENDANAAN OPERASIONAL', 'SENIOR OFFICER', 'KAUR VERIFIKASI INTERNAL ', '11', 'VERIFIKASI INTERNAL DAN ASURANSI '),
('', '', 'Suhendriyadi S.', '0900000', '6', 'suhendriyadi@inti.co.id', 'SUHENDRIYADI ', '1093', 'DIREKTORAT BISNIS', 'PP.1210024', '031102', 'SBU SMART ENERGY', 'PP.8507128', 'PROYEK', 'SENIOR OFFICER', 'STAF', '11', ''),
('', '', 'Sukana', '020802', '3', 'sukana@inti.co.id', 'SUKANA', '3387', 'DIREKTORAT KEUANGAN', 'PP.9210038', '020802', 'HUMAN CAPITAL MANAGEMENT & QUALITY', 'PK.1804001', 'HR DEVELOPMENT', 'OFFICER', 'KABAG HR DEVELOPMENT', '', ''),
('2775', 'B E B', 'Sulaeman', '0900000', '6', 'bebsulaiman@inti.co.id', 'SULAEMAN', '1407', 'DIREKTORAT BISNIS', 'PP.9801015', '031003', 'SBU BROADBAND', 'PP.9306010', 'SERVICE', 'SENIOR OFFICER', 'STAF', '8', ''),
('3113', '', 'Sumarna', '0900000', '6', 'sumarna@inti.co.id', 'SUMARNA', '1562', 'DIREKTORAT UTAMA', 'PP.8707092', '0105031', 'SEKRETARIS PERUSAHAAN ', 'PP.9408051', 'PKBL', 'SENIOR OFFICER', 'STAF', '11', 'PERENCANAAN DAN PENGENDALIAN PKBL'),
('2710', 'NADI', 'Sunadi Rasmin', '0900000', '6', 'sunadi@inti.co.id', 'SUNADI ', '198', 'DIREKTORAT KEUANGAN', 'PP.8511175', '020802', 'HUMAN CAPITAL MANAGEMENT & QUALITY', 'PP.8712184', 'HR DEVELOPMENT', 'SENIOR OFFICER', 'STAF', '11', ''),
('2805', '', 'Supono Sugeng', '0900000', '6', 'supono-sugeng@inti.co.id', 'SUPONO ', '957', 'DIREKTORAT KEUANGAN', 'PP.8705030', '020701', 'CORPORATE FINANCE', 'PP.8412150', 'STRATEGI PENDANAAN', 'SENIOR OFFICER', 'STAF', '11', ''),
('3112', 'SURYAMAN', 'Suryaman Dahlan', '0106023', '4', 'sur@inti.co.id', 'SURYAMAN ', '510', 'DIREKTORAT UTAMA', 'PP.0711005', '0106023', 'PENGEMBANGAN BISNIS DAN PRODUK', 'PP.8707057', 'PRODUCT MANAGEMENT', 'MANAGER', 'KAUR RICE & BUSINESS INCUBATOR', '8', 'RICE & BUSINESS INCUBATOR'),
('2831', '', 'Suryana', '0900000', '6', 'sur_i@inti.co.id', 'SURYANA', '413', 'DIREKTORAT KEUANGAN', 'PP.9210038', '020800', 'HUMAN CAPITAL MANAGEMENT & QUALITY', 'PP.8707077', '', 'SENIOR OFFICER', 'STAF', '11', ''),
('2781', '', 'Susandoko', '0900000', '6', 'susandoko@inti.co.id', 'SUSANDOKO', '1524', 'DIREKTORAT BISNIS', 'PP.9210018', '031002', 'SBU BROADBAND', 'PP.9411087', 'PROYEK', 'MANAGER', 'STAF', '11', '');
INSERT INTO `tb_karyawan` (`EXTPES`, `NMKECIL`, `NAMA`, `IDJOB`, `TINGKATJABATAN`, `E_MAIL`, `FIRST_NAME`, `PIN`, `DIREKT`, `NIPEG_UP`, `KDKERJ`, `DIVISI`, `NIPEG`, `BAGIAN`, `PANGKAT`, `JOBTITLE`, `TINGKATAKSES`, `URUSAN`) VALUES
('2701', '', 'Susi Darmanto', 'Z2012500C', '6', 'susi@inti.co.id', 'SUSI ', '1114', 'DIREKTORAT KEUANGAN', 'DD.1702001', '020800', 'HUMAN CAPITAL MANAGEMENT & QUALITY', 'PP.9210024', '', 'VICE PRESIDENT', 'DIREKTUR PT IKI', '11', ''),
('2657', '', 'Susilo', '0900000', '6', 'susilo_s@inti.co.id', 'SUSILO', '847', 'DIREKTORAT KEUANGAN', 'PP.9210038', '020800', 'HUMAN CAPITAL MANAGEMENT & QUALITY', 'PP.8408022', '', 'MANAGER', 'STAF', '11', ''),
('2772', 'SUSILO', 'Susilo Hadi', '0900000', '6', 'susilo@inti.co.id', 'SUSILO ', '1565', 'DIREKTORAT BISNIS', 'PP.9210018', '031002', 'SBU BROADBAND', 'PP.8902016', 'PROYEK', 'SENIOR MANAGER', 'STAF', '6', ''),
('2859', 'UCHIE', 'Susilowati', '0207021', '4', 'uchie@inti.co.id', 'SUSILOWATI', '1165', 'DIREKTORAT KEUANGAN', 'PP.8707089', '0207021', 'CORPORATE FINANCE', 'PP.9408078', 'PENDANAAN OPERASIONAL', 'OFFICER', 'KAUR BENDAHARA', '11', 'BENDAHARA'),
('4453', 'SUTRIANA', 'Sutriana Jaya', '01060032', '9', 'sutri@inti.co.id', 'SUTRIANA ', '765', 'DIREKTORAT UTAMA', 'PP.9309066', '010600', 'PENGEMBANGAN BISNIS DAN PRODUK', 'PP.8412175', '', 'SENIOR MANAGER', 'AHLI TINGKAT 3 PRODUCT & IT DEVELOPMENT DIV. BANG BIS DAN PROD', '11', ''),
('2064', 'SUWANDI', 'Suwandi Lasiman', '0900000', '6', 'swd@inti.co.id', 'SUWANDI ', '903', 'DIREKTORAT UTAMA', 'PP.0711011', '0106021', 'PENGEMBANGAN BISNIS DAN PRODUK', 'PP.8712173', 'PRODUCT MANAGEMENT', 'SENIOR OFFICER', 'STAF', '11', 'PERENCANAAN & PENGENDALIAN PRODUK'),
('', '', 'Suyudhi', '0900000', '6', 'suyudhi@inti.co.id', 'SUYUDHI', '1412', 'DIREKTORAT BISNIS', 'PP.9210018', '031002', 'SBU BROADBAND', 'PP.8707080', 'PROYEK', 'SENIOR OFFICER', 'STAF', '11', ''),
('2898', '', 'Syahna Ramadithia', '0208022', '4', 'syahna.ramadithia@inti.co.id', 'SYAHNA ', '2094', 'DIREKTORAT KEUANGAN', 'PK.1804001', '0208022', 'HUMAN CAPITAL MANAGEMENT & QUALITY', 'PP.1311028', 'HR DEVELOPMENT', 'SENIOR OFFICER', 'KAUR MANAJEMEN KINERJA & KOMPETENSI', '8', 'MANAJEMEN KINERJA & KOMPETENSI'),
('2614', 'SYAMSUL', 'Syamsul Rizal B.', '0312001', '7', 'syamsulr@inti.co.id', 'SYAMSUL ', '1391', 'DIREKTORAT BISNIS', 'PP.9201001', '031200', 'SBU DEFENSE & DIGITAL SERVICE', 'PP.9211040', '', 'ASSISTANT VICE PRESIDENT', 'AHLI TINGKAT 1 ACCOUNT MANAGER DIV. DDS', '4', ''),
('2782', '', 'Tan Tan Rohiman', '0310015', '11', 'tan.rohiman@inti.co.id', 'TAN ', '2012', 'DIREKTORAT BISNIS', 'PP.0805002', '031001', 'SBU BROADBAND', 'PP.1210006', 'ENGINEERING', 'SENIOR OFFICER', 'AHLI TINGKAT 5 ENGINEERING', '11', ''),
('2742', 'TARSONO', 'Tarsono Sahmid', '0900000', '6', 'tarsono@inti.co.id', 'TARSONO ', '614', 'DIREKTORAT BISNIS', 'PP.0805002', '031001', 'SBU BROADBAND', 'PP.8709113', 'ENGINEERING', 'MANAGER', 'STAF', '8', ''),
('2892', '', 'Tata Sukarta', '0900000', '6', 'tata@inti.co.id', 'TATA ', '883', 'DIREKTORAT UTAMA', 'PP.1202022', '0105021', 'SEKRETARIS PERUSAHAAN ', 'PP.8412146', 'HUKUM ', 'SENIOR OFFICER', 'STAF', '11', 'PENGELOLAAN INFORMASI & DUKUNGAN HUKUM'),
('', '', 'Tatang', '0900000', '6', 'tatanga@inti.co.id', 'TATANG', '644', 'DIREKTORAT BISNIS', 'PP.1210024', '031102', 'SBU SMART ENERGY', 'PP.9408021', 'PROYEK', 'SENIOR OFFICER', 'STAF', '8', ''),
('4523', 'TATANG', 'Tatang M. Iding', '0900000', '6', 'iding@inti.co.id', 'TATANG ', '1264', 'DIREKTORAT KEUANGAN', 'PP.9210038', '020800', 'HUMAN CAPITAL MANAGEMENT & QUALITY', 'PP.8602028', '', 'SENIOR OFFICER', 'STAF', '11', ''),
('2525', '', 'Tatang Mustopa', '0900000', '6', 'tatang_m@inti.co.id', 'TATANG ', '873', 'DIREKTORAT BISNIS', 'PP.1210024', '031102', 'SBU SMART ENERGY', 'PP.8705008', 'PROYEK', 'SENIOR OFFICER', 'STAF', '11', ''),
('2899', 'IWAN', 'Tatang Solihin', '0900000', '6', 'tatang-solihin@inti.co.id', 'TATANG ', '967', 'DIREKTORAT KEUANGAN', 'PP.1311028', '020802', 'HUMAN CAPITAL MANAGEMENT & QUALITY', 'PP.9306017', 'HR DEVELOPMENT', 'OFFICER', 'STAF', '11', ''),
('', 'TATANG', 'Tatang Sutrisno', '0900000', '6', 'tasut@inti.co.id', 'TATANG ', '421', 'DIREKTORAT KEUANGAN', 'PP.9210038', '020800', 'HUMAN CAPITAL MANAGEMENT & QUALITY', 'PP.9408047', '', 'OFFICER', 'STAF', '11', ''),
('2828', 'NTIE', 'Tati Sri Hartati', '020702', '3', 'tati@inti.co.id', 'TATI ', '328', 'DIREKTORAT KEUANGAN', 'PP.9203006', '020702', 'CORPORATE FINANCE', 'PP.8707089', 'PENDANAAN OPERASIONAL', 'MANAGER', 'KABAG PENDANAAN OPERASIONAL', '8', ''),
('', '', 'Taufik Akbar Kurniawan', '0900000', '6', 'taufik.kurniawan@inti.co.id', 'TAUFIK ', '3385', 'DIREKTORAT BISNIS', 'PP.9201001', '031200', 'SBU DEFENSE & DIGITAL SERVICE', 'PK.1805003', '', 'OFFICER', 'STAF', '', ''),
('3135', '', 'Tavivpudin Ismail', '0900000', '6', 'ismail@inti.co.id', 'TAVIVPUDIN ', '1519', 'DIREKTORAT KEUANGAN', 'PP.9210038', '020800', 'HUMAN CAPITAL MANAGEMENT & QUALITY', 'PP.8902022', '', 'SENIOR MANAGER', 'STAF', '8', ''),
('', '', 'Teguh A. Suryandono', '030300', '0', 'teguh.suryandono@inti.co.id', 'TEGUH ', '798', 'DIREKTORAT BISNIS', 'DD.1702001', '030300', '', 'DD.1712001', '', 'ASSISTANT VICE PRESIDENT', 'DIREKTUR BISNIS', '', ''),
('', '', 'Tetha Valianta', '0900000', '6', 'tetha.valianta@inti.co.id', 'TETHA ', '3428', 'DIREKTORAT UTAMA', 'PP.9309066', '010600', 'PENGEMBANGAN BISNIS DAN PRODUK', 'PP.1808040', '', 'OFFICER', 'STAF', '', ''),
('2573', '', 'Tety Setiawati', '031103', '3', 'teti@inti.co.id', 'TETY ', '920', 'DIREKTORAT BISNIS', 'PP.8902010', '031103', 'SBU SMART ENERGY', 'PP.9306029', 'KEUANGAN', 'OFFICER', 'KABAG KEUANGAN', '8', ''),
('4455', 'TETY', 'Tety Suparty', '0900000', '6', 't3ti@inti.co.id', 'TETY ', '1567', 'DIREKTORAT UTAMA', 'PP.0711011', '0106021', 'PENGEMBANGAN BISNIS DAN PRODUK', 'PP.8712181', 'PRODUCT MANAGEMENT', 'SENIOR OFFICER', 'STAF', '11', 'PERENCANAAN & PENGENDALIAN PRODUK'),
('2546', '', 'Tifani Nurul Aisa', '0311041', '4', 'tifani.aisa@inti.co.id', 'TIFANI ', '2030', 'DIREKTORAT BISNIS', 'PP.9309077', '0311041', 'SBU SMART ENERGY', 'PP.1210021', 'PENGADAAN', 'SENIOR OFFICER', 'KAUR PERENCANAAN DAN PENGENDALIAAN PENGADAAN', '8', 'PERENCANAAN DAN PENGENDALIAAN PENGADAAN'),
('2245', 'TIRTA', 'Tirta Sumantri', '0209032', '4', 'cai@inti.co.id', 'TIRTA ', '477', 'DIREKTORAT KEUANGAN', 'PP.8712166', '0209032', 'INFORMATION TECHNOLOGY DAN UMUM', 'PP.8707082', 'PENGADAAN KORPORASI ', 'SENIOR OFFICER', 'KAUR PENGADAAN', '8', 'PENGADAAN'),
('2754', '', 'Tita Karwita', '0900000', '6', 'karwita@inti.co.id', 'TITA ', '1512', 'DIREKTORAT BISNIS', 'PP.9210038', '031004', 'SBU BROADBAND', 'PP.8408034', 'KEUANGAN', 'MANAGER', 'STAF', '11', ''),
('', 'GEORGE', 'Tito George L.S.', '0900000', '6', 'tito.mloe@inti.co.id', 'TITO ', '236', 'DIREKTORAT KEUANGAN', 'PP.8709120', '0209022', 'INFORMATION TECHNOLOGY DAN UMUM', 'PP.8705032', 'UMUM', 'OFFICER', 'STAF', '11', 'PEMELIHARAAN PROPERTI '),
('', '', 'Tito Gufta Pratama', '0900000', '6', 'tito.pratama@inti.co.id', 'TITO ', '2095', 'DIREKTORAT BISNIS', 'PP.1311006', '031101', 'SBU SMART ENERGY', 'PP.1311029', 'ENGINEERING', 'SENIOR OFFICER', 'STAF', '11', ' '),
('2421', 'TONI', 'Toni Prayitno', '0900000', '6', 'inot@inti.co.id', 'TONI ', '427', 'DIREKTORAT KEUANGAN', 'PP.9210038', '020800', 'HUMAN CAPITAL MANAGEMENT & QUALITY', 'PP.8709133', '', 'MANAGER', 'STAF', '11', ''),
('2637', '', 'Tresnawati Rahayuningsih', '0312021', '4', 'tresnawati.rahayuningsih@inti.co.id', 'TRESNAWATI ', '3175', 'DIREKTORAT BISNIS', 'PP.1210024', '0312021', 'SBU DEFENSE & DIGITAL SERVICE', 'PP.1501030', 'PROYEK', 'OFFICER', 'KAUR PERENCANAAN DAN PENGENDALIAN PROYEK', '11', 'PERENCANAAN DAN PENGENDALIAN PROYEK'),
('2569', '', 'Tri Jajang Sujana', '0311015', '11', 'tri.sujana@inti.co.id', 'TRI ', '2096', 'DIREKTORAT BISNIS', 'PP.1311006', '031101', 'SBU SMART ENERGY', 'PP.1311030', 'ENGINEERING', 'SENIOR OFFICER', 'AHLI TINGKAT 5 ENGINEERING', '11', ' '),
('', '', 'Tri Jaya Putra', '0312015', '11', 'tri.jaya@inti.co.id', 'TRI ', '2062', 'DIREKTORAT BISNIS', 'PP.9408011', '031201', 'SBU DEFENSE & DIGITAL SERVICE', 'PP.1306017', 'ENGINEERING', 'SENIOR OFFICER', 'AHLI TINGKAT 5 ENGINEERING', '11', ''),
('2056', 'JOKO', 'Tri Joko Rintiarto', '0900000', '6', 'rints@inti.co.id', 'TRI ', '989', 'DIREKTORAT KEUANGAN', 'PP.9210038', '020800', 'HUMAN CAPITAL MANAGEMENT & QUALITY', 'PP.8111104', '', 'SENIOR OFFICER', 'STAF', '11', ''),
('2503', '', 'Tri Sugiharto', '0900000', '6', 'tris@inti.co.id', 'TRI ', '850', 'DIREKTORAT BISNIS', 'PP.1210024', '031102', 'SBU SMART ENERGY', 'PP.8602019', 'PROYEK', 'SENIOR OFFICER', 'STAF', '11', ''),
('2897', 'TRIA', 'Tria Susiawati', '0208032', '4', 'tria.susiawati@inti.co.id', 'TRIA ', '177', 'DIREKTORAT KEUANGAN', 'PP.9203014', '0208032', 'HUMAN CAPITAL MANAGEMENT & QUALITY', 'PP.8511175', 'HR SERVICE', 'MANAGER', 'KAUR HUBUNGAN KEPEGAWAI DAN PELAYANAN SDM', '8', 'HUBUNGAN KEPEGAWAIAN & PELAYANAN SDM'),
('2722', '', 'Tuminah', '0310012', '4', 'tuminah@inti.co.id', 'TUMINAH', '2035', 'DIREKTORAT BISNIS', 'PP.0805002', '0310012', 'SBU BROADBAND', 'PP.1210026', 'ENGINEERING', 'OFFICER', 'KAUR KUALITAS', '8', 'KUALITAS'),
('2503', 'UCU', 'Ucu Saprudin', '0900000', '6', 'ucus@inti.co.id', 'UCU ', '1010', 'DIREKTORAT BISNIS', 'PP.1210024', '031102', 'SBU SMART ENERGY', 'PP.9408055', 'PROYEK', 'OFFICER', 'STAF', '11', ''),
('2034', 'UJANG', 'Ujang Krisno', '01060034', '9', 'uky@inti.co.id', 'UJANG ', '7007', 'DIREKTORAT UTAMA', 'PP.9309066', '010600', 'PENGEMBANGAN BISNIS DAN PRODUK', 'PP.9309071', '', 'ASSISTANT VICE PRESIDENT', 'AHLI TINGKAT 3 BUSINESS SUPPPORT', '11', ''),
('2749', 'UJANG', 'Ujang Sobari', '0900000', '6', 'ujang@inti.co.id', 'UJANG ', '1595', 'DIREKTORAT BISNIS', 'PP.8712166', '031005', 'SBU BROADBAND', 'PP.8707067', 'PENGADAAN', 'SENIOR OFFICER', 'STAF', '8', ''),
('2790', 'USUP', 'Ujang Supriatna', '0900000', '6', 'usup@inti.co.id', 'UJANG ', '943', 'DIREKTORAT BISNIS', 'PP.8809019', '031004', 'SBU BROADBAND', 'PP.9306020', 'KEUANGAN', 'OFFICER', 'STAF', '11', ''),
('2429', 'TATANG/UT', 'Ujang Tatang', '0900000', '6', 'ute@inti.co.id', 'UJANG ', '1143', 'DIREKTORAT BISNIS', 'PP.8508143', '0312043', 'SBU DEFENSE & DIGITAL SERVICE', 'PP.8412209', 'PENGADAAN', 'SENIOR OFFICER', 'STAF', '11', 'MATERIAL MANAGEMENT'),
('2034', '', 'Umi Maslikah', '01060011', '7', 'umi@inti.co.id', 'UMI ', '1194', 'DIREKTORAT UTAMA', 'PP.9309066', '010600', 'PENGEMBANGAN BISNIS DAN PRODUK', 'PP.9203005', '', 'ASSISTANT VICE PRESIDENT', 'AHLI TINGKAT 1 BUSINESS DEVELOPMENT DIV. BANG BIS DAN PROD', '6', ''),
('2860', '', 'Unaenah', '0207022', '4', 'unainah@inti.co.id', 'UNAENAH', '1206', 'DIREKTORAT KEUANGAN', 'PP.8601010', '0207022', 'CORPORATE FINANCE', 'PP.8705030', 'PENDANAAN OPERASIONAL', 'SENIOR OFFICER', 'KAUR VERIFIKASI EKSTERNAL', '8', 'VERIFIKASI EKSTERNAL'),
('', '', 'Undang Hadiyat', '0900000', '6', 'wili@inti.co.id', 'UNDANG ', '1130', 'DIREKTORAT KEUANGAN', 'PP.9210038', '020800', 'HUMAN CAPITAL MANAGEMENT & QUALITY', 'PP.8412215', '', 'SENIOR OFFICER', 'STAF', '11', ''),
('', 'UNDANG', 'Undang R. Safari', '0900000', '6', 'urs@inti.co.id', 'UNDANG ', '686', 'DIREKTORAT BISNIS', 'PP.9210018', '031005', 'SBU BROADBAND', 'PP.9408002', 'PENGADAAN', 'SENIOR OFFICER', 'STAF', '8', ''),
('3108', 'UNDANG', 'Undang Suryana S.', '0900000', '6', 'unsur@inti.co.id', 'UNDANG ', '653', 'DIREKTORAT BISNIS', 'PP.9210018', '031002', 'SBU BROADBAND', 'PP.8712170', 'PROYEK', 'SENIOR OFFICER', 'STAF', '11', ''),
('3160', 'US', 'Uus Lukman', '0105032', '4', 'uus.lukman@inti.co.id', 'UUS ', '205', 'DIREKTORAT UTAMA', 'PP.8412153', '0105032', 'SEKRETARIS PERUSAHAAN ', 'PP.9306053', 'PKBL', 'OFFICER', 'KAUR OPERASIONAL PKBL', '8', 'OPERASIONAL PKBL'),
('2633', '', 'Uus Suhaedi', '0900000', '6', 'uus.suhaedi@inti.co.id', 'UUS ', '839', 'DIREKTORAT BISNIS', 'PP.0805001', '031205', 'SBU DEFENSE & DIGITAL SERVICE', 'PP.8707069', 'COMMERCIAL', 'MANAGER', 'STAF', '8', ''),
('', '', 'Vadaulhaq', '0900000', '6', 'vadaulhaq@inti.co.id', 'VADAULHAQ', '3429', 'DIREKTORAT BISNIS', 'PP.8902010', '031100', 'SBU SMART ENERGY', 'PP.1808041', '', 'OFFICER', 'STAF', '', ''),
('', 'AGUNG', 'Victor Cpasm', '031104', '3', 'v_agung@inti.co.id', 'VICTOR ', '457', 'DIREKTORAT BISNIS', 'PP.8902010', '031104', 'SBU SMART ENERGY', 'PP.9309077', 'PENGADAAN', 'SENIOR MANAGER', 'KABAG PENGADAAN', '11', ''),
('2576', '', 'Virsa Septian Seista', '0900000', '6', 'virsa.seista@inti.co.id', 'VIRSA ', '3430', 'DIREKTORAT BISNIS', 'PP.8902010', '031100', 'SBU SMART ENERGY', 'PP.1808042', '', 'OFFICER', 'STAF', '', ''),
('2832', 'YATI', 'Wagiyati A. Iskan', '0900000', '6', 'yati@inti.co.id', 'WAGIYATI ', '979', 'DIREKTORAT UTAMA', 'PP.1202011', '0105011', 'SEKRETARIS PERUSAHAAN ', 'PP.8507121', 'PERENCANAAN DAN PENGENDALIAN STRATEGIS', 'SENIOR OFFICER', 'STAF', '11', 'PENDUKUNG PERENCANAAN & PENGENDALIAN STRATEGIS'),
('2845', 'W A H Y U', 'Wahyu Nurhadiah', '0900000', '6', 'wahyu@inti.co.id', 'WAHYU ', '1597', 'DIREKTORAT UTAMA', 'PP.8707092', '0105031', 'SEKRETARIS PERUSAHAAN ', 'PP.9408034', 'PKBL', 'SENIOR OFFICER', 'STAF', '11', 'PERENCANAAN DAN PENGENDALIAN PKBL'),
('', '', 'Waluyo Kusmana M.', '0900000', '6', 'waluyo_k@inti.co.id', 'WALUYO ', '965', 'DIREKTORAT BISNIS', 'PP.8712166', '031005', 'SBU BROADBAND', 'PP.8410108', 'PENGADAAN', 'OFFICER', 'STAF', '11', ''),
('3115', '', 'Warjo Ohim', '0900000', '6', 'waryo@inti.co.id', 'WARJO ', '1129', 'DIREKTORAT BISNIS', 'PP.8712166', '031005', 'SBU BROADBAND', 'PP.8410104', 'PENGADAAN', 'SENIOR OFFICER', 'STAF', '11', ''),
('3103', '', 'Wasono', '0900000', '6', 'wasono@inti.co.id', 'WASONO', '870', 'DIREKTORAT KEUANGAN', 'PP.8505080', '020902', 'INFORMATION TECHNOLOGY DAN UMUM', 'PP.8705003', 'UMUM', 'SENIOR OFFICER', 'STAF', '11', ''),
('', 'WAWAN', 'Wawan Ernawan U.W', '0900000', '6', 'ernawan@inti.co.id', 'WAWAN ', '665', 'DIREKTORAT BISNIS', 'PP.9210018', '031002', 'SBU BROADBAND', 'PP.8709114', 'PROYEK', 'SENIOR OFFICER', 'STAF', '11', ''),
('2457', '', 'Wawan Sowandi', '0900000', '6', 'waso@inti.co.id', 'WAWAN ', '855', 'DIREKTORAT KEUANGAN', 'PP.9408010', '020902', 'INFORMATION TECHNOLOGY DAN UMUM', 'PP.8603058', 'UMUM', 'SENIOR OFFICER', 'STAF', '11', ''),
('2507', 'WIDI', 'Widi Sulistyono', '0104005', '11', 'widhi@inti.co.id', 'WIDI ', '68', 'DIREKTORAT UTAMA', 'PP.9107021', '010400', 'SATUAN PENGAWASAN INTERN', 'PP.8803001', '', 'MANAGER', 'AHLI TINGKAT 5 AUDIT', '11', ''),
('2058', 'WIWIT', 'Widi Utami Prasetianti', '0106021', '4', 'utami@inti.co.id', 'WIDI ', '1953', 'DIREKTORAT UTAMA', 'PP.0711005', '0106021', 'PENGEMBANGAN BISNIS DAN PRODUK', 'PP.0711011', 'PRODUCT MANAGEMENT', 'SENIOR OFFICER', 'KAUR PERENCANAAN & PENGENDALIAN PRODUK', '8', 'PERENCANAAN & PENGENDALIAN PRODUK'),
('', '', 'Wieka Dzurriyyah Nur', '020701', '3', '', 'WIEKA ', '3432', 'DIREKTORAT KEUANGAN', 'PP.9203006', '020701', 'CORPORATE FINANCE', 'PP.1808044', 'STRATEGI PENDANAAN', 'MANAGER', 'KABAG STRATEGI PENDANAAN', '', ''),
('3108', 'WIJKOV', 'Wiji Purwito', '0900000', '6', 'wiji@inti.co.id', 'WIJI ', '899', 'DIREKTORAT BISNIS', 'PP.9210018', '031006', 'SBU BROADBAND', 'PP.8705019', 'COMMERCIAL', 'MANAGER', 'STAF', '11', ' '),
('4201', '', 'Winda Maya Frestikawati', '031301', '3', 'winda.frestikawati@inti.co.id', 'WINDA ', '2097', 'DIREKTORAT BISNIS', 'PP.9801001', '031301', 'PRODUKSI', 'PP.1401002', 'PERENCANAAN DAN PENGENDALIAN DAN KUALITAS PRODUKSI', 'SENIOR OFFICER', 'KABAG PERENCANAAN DAN PENGENDALIAN DAN KUALITAS PRODUKSI', '11', ''),
('2856', 'WIWI', 'Wiwi Haryati K.', '0900000', '6', 'wiwi@inti.co.id', 'WIWI ', '1158', 'DIREKTORAT KEUANGAN', 'PP.8705030', '020701', 'CORPORATE FINANCE', 'PP.8410100', 'STRATEGI PENDANAAN', 'SENIOR OFFICER', 'STAF', '11', ''),
('2618', 'WULAN', 'Woelan Octaviana T.', '0900000', '6', 'woelan@inti.co.id', 'WOELAN ', '1405', 'DIREKTORAT BISNIS', 'PP.9408011', '031201', 'SBU DEFENSE & DIGITAL SERVICE', 'PP.8711148', 'ENGINEERING', 'MANAGER', 'STAF', '11', ''),
('2844', 'W O R O', 'Woro Utami', '020704', '3', 'mima@inti.co.id', 'WORO ', '343', 'DIREKTORAT KEUANGAN', 'PP.9203006', '020704', 'CORPORATE FINANCE', 'PP.9006003', 'AKUNTANSI KEUANGAN', 'ASSISTANT VICE PRESIDENT', 'KABAG AKUNTANSI KEUANGAN', '6', ''),
('3195', '', 'Yahman Mulyana', 'Z2012500A', '6', 'yhm@inti.co.id', 'YAHMAN ', '868', 'DIREKTORAT KEUANGAN', 'DD.1702001', '020800', 'HUMAN CAPITAL MANAGEMENT & QUALITY', 'PP.8705006', '', 'MANAGER', 'DIREKTUR DANA PENSIUN', '6', ''),
('2602', 'IYANG', 'Yani Gustiana', '0312001', '7', 'yagus@inti.co.id', 'YANI ', '1607', 'DIREKTORAT BISNIS', 'PP.0506003', '031200', 'SBU DEFENSE & DIGITAL SERVICE', 'PP.8606080', '', 'SENIOR MANAGER', 'AHLI TINGKAT 1 ACCOUNT MANAGER DIV. DDS', '4', ''),
('3120', '', 'Yaya Suharya', '0900000', '6', 'yaya.suharya@inti.co.id', 'YAYA ', '620', 'DIREKTORAT UTAMA', 'PP.1202022', '0105022', 'SEKRETARIS PERUSAHAAN ', 'PP.8412203', 'HUKUM ', 'SENIOR OFFICER', 'STAF', '8', 'PERENCANAAN DAN PENGENDALIAN GCG'),
('', '', 'Yayat', '0900000', '6', 'ya2t@inti.co.id', 'YAYAT', '1549', 'DIREKTORAT BISNIS', 'PP.9210018', '031002', 'SBU BROADBAND', 'PP.9408057', 'PROYEK', 'OFFICER', 'STAF', '11', ''),
('2840', 'YAYAT', 'Yayat Ruhiyat', '0900000', '6', 'yayat@inti.co.id', 'YAYAT ', '89', 'DIREKTORAT KEUANGAN', 'PP.8412206', '0209021', 'INFORMATION TECHNOLOGY DAN UMUM', 'PP.8408044', 'UMUM', 'MANAGER', 'STAF', '8', 'OPTIMALISASI PROPERTI '),
('2830', 'YENNY', 'Yenny Maryani', '0900000', '6', 'eeng@inti.co.id', 'YENNY ', '1423', 'DIREKTORAT KEUANGAN', 'PP.9210038', '020800', 'HUMAN CAPITAL MANAGEMENT & QUALITY', 'PP.8504067', '', 'SENIOR OFFICER', 'STAF', '11', ''),
('2861', 'YETTI', 'Yetti Harnelis', '0900000', '6', 'yeti@inti.co.id', 'YETTI ', '1109', 'DIREKTORAT KEUANGAN', 'PP.8712183', '020701', 'CORPORATE FINANCE', 'PP.9408039', 'STRATEGI PENDANAAN', 'SENIOR OFFICER', 'STAF', '11', ''),
('4102', 'YOYON', 'Yono Santio', '0313033', '4', 'yono.santio@inti.co.id', 'YONO ', '863', 'DIREKTORAT BISNIS', 'PP.9801001', '0313033', 'PRODUKSI', 'PP.8508144', 'KEUANGAN', 'SENIOR OFFICER', 'KAUR PENGADAAN PRODUKSI', '11', 'PENGADAAN PRODUKSI'),
('', '', 'Yosi Sahreza', '0900000', '6', 'yosi.sahreza@inti.co.id', 'YOSI ', '3431', 'DIREKTORAT UTAMA', 'PP.9309066', '010600', 'PENGEMBANGAN BISNIS DAN PRODUK', 'PP.1808043', '', 'OFFICER', 'STAF', '', ''),
('', 'YOYO', 'Yoyo Aryanto S.', '0900000', '6', 'yoyo.aryanto@inti.co.id', 'YOYO ', '966', 'DIREKTORAT BISNIS', 'PP.9801015', '031003', 'SBU BROADBAND', 'PP.8410091', 'SERVICE', 'SENIOR OFFICER', 'STAF', '11', ''),
('', 'YOYO', 'Yoyo Sumantoyo', '0900000', '6', 'yoyos@inti.co.id', 'YOYO ', '1014', 'DIREKTORAT BISNIS', 'PP.9210018', '031002', 'SBU BROADBAND', 'PP.8410059', 'PROYEK', 'SENIOR OFFICER', 'STAF', '11', ''),
('2044', '', 'Yoyo Syamsudin Disastra', '01060012', '7', 'sastra@inti.co.id', 'YOYO ', '744', 'DIREKTORAT UTAMA', 'PP.9309066', '010600', 'PENGEMBANGAN BISNIS DAN PRODUK', 'PP.9006011', '', 'ASSISTANT VICE PRESIDENT', 'AHLI TINGKAT 1 PRODUCT & IT DEVELOPMENT DIV. BANG BIS DAN PROD', '6', ''),
('2021', 'OPI', 'Yuanovita Hapsari', '010601', '3', 'yuanovita.hapsari@inti.co.id', 'YUANOVITA ', '1954', 'DIREKTORAT UTAMA', 'PP.9309066', '010601', 'PENGEMBANGAN BISNIS DAN PRODUK', 'PP.0711012', 'PRODUCT DEVELOPMENT SUPPORT', 'SENIOR OFFICER', 'KABAG PRODUCT DEVELOPMENT SUPPORT', '6', ''),
('2032', '', 'Yudi Herdiana', '0900000', '6', 'yudi.herdiana@inti.co.id', 'YUDI ', '3328', 'DIREKTORAT UTAMA', 'PP.9309066', '010600', 'PENGEMBANGAN BISNIS DAN PRODUK', 'PP.1611001', '', 'OFFICER', 'STAF', '', ''),
('2030', 'YUDI', 'Yudi Limbar Yasik', '010600', '2', 'yudily@inti.co.id', 'YUDI ', '797', 'DIREKTORAT UTAMA', 'DD.1702001', '010600', 'PENGEMBANGAN BISNIS DAN PRODUK', 'PP.9309066', '', 'ASSISTANT VICE PRESIDENT', 'KADIV PENGEMBANGAN BISNIS DAN PRODUK', '4', ''),
('5029', 'YUDI', 'Yudi Supriadi', '0900000', '6', 'yds@inti.co.id', 'YUDI ', '672', 'DIREKTORAT BISNIS', 'PP.9210018', '031002', 'SBU BROADBAND', 'PP.8707068', 'PROYEK', 'SENIOR OFFICER', 'STAF', '11', ''),
('2216', 'RAWOSI', 'Yuliatno Rawosi', '020901', '3', 'yuliatno.rawosi@inti.co.id', 'YULIATNO ', '1395', 'DIREKTORAT KEUANGAN', 'PP.9210038', '020901', 'INFORMATION TECHNOLOGY DAN UMUM', 'PP.9107032', 'IT SERVICE ', 'SENIOR MANAGER', 'KABAG IT SERVICE', '6', ''),
('2626', 'YULIUS', 'Yulius Riyanto', '0312015', '11', 'yulius@inti.co.id', 'YULIUS ', '901', 'DIREKTORAT BISNIS', 'PP.9408011', '031201', 'SBU DEFENSE & DIGITAL SERVICE', 'PP.8709115', 'ENGINEERING', 'SENIOR OFFICER', 'AHLI TINGKAT 5 ENGINEERING', '11', ''),
('2005', 'IJUL', 'Yulizar', '0104004', '10', 'jul.shabir@inti.co.id', 'YULIZAR', '58', 'DIREKTORAT UTAMA', 'PP.9107021', '010400', 'SATUAN PENGAWASAN INTERN', 'PP.8601013', '', 'MANAGER', 'AHLI TINGKAT 4 AUDIT', '8', ''),
('2800', 'JUN', 'Yuniarto', '020700', '2', 'juniarto@inti.co.id', 'YUNIARTO', '319', 'DIREKTORAT KEUANGAN', 'DD.1403001', '020700', 'CORPORATE FINANCE', 'PP.9203006', '', 'ASSISTANT VICE PRESIDENT', 'KADIV CORPORATE FINANCE', '4', ''),
('2715', '', 'Yurizka Anindita', '0310004', '10', 'yurizka.anindita@inti.co.id', 'YURIZKA ', '3185', 'DIREKTORAT BISNIS', 'PP.0506009', '031000', 'SBU BROADBAND', 'PP.1501031', '', 'OFFICER', 'AHLI TINGKAT 4 ACCOUNT MANAGER DIV. BBD', '11', ''),
('3133', '', 'Yus Buldansyah', '0900000', '6', 'buldansyah@inti.co.id', 'YUS ', '538', 'DIREKTORAT KEUANGAN', 'PP.9210038', '020800', 'HUMAN CAPITAL MANAGEMENT & QUALITY', 'PP.8412212', '', 'SENIOR OFFICER', 'STAF', '11', ''),
('', '', 'Yusdianti Saputri', '0900000', '6', 'yusdianti.saputri@inti.co.id', 'YUSDIANTI ', '3176', 'DIREKTORAT BISNIS', 'PP.1210026', '031001', 'SBU BROADBAND', 'PP.1501032', 'ENGINEERING', 'OFFICER', 'STAF', '11', ''),
('2515', 'ZAENAL', 'Zaenal Mutaqin', '0311022', '4', 'zens_67@inti.co.id', 'ZAENAL ', '603', 'DIREKTORAT BISNIS', 'PP.1210024', '0311022', 'SBU SMART ENERGY', 'PP.8709112', 'PROYEK', 'SENIOR OFFICER', 'KAUR PURNA JUAL', '8', 'PURNA JUAL'),
('', 'ZAINAL', 'Zainal Arifin', '0900000', '6', 'zainal_arifin@inti.co.id', 'ZAINAL ', '660', 'DIREKTORAT BISNIS', 'PP.9801015', '031002', 'SBU BROADBAND', 'PP.9306038', 'PROYEK', 'OFFICER', 'STAF', '11', ''),
('2659', '', 'Zaki Ramdon Abdillah', '031204', '3', 'azaki@inti.co.id', 'ZAKI ', '1956', 'DIREKTORAT BISNIS', 'PP.9201001', '031204', 'SBU DEFENSE & DIGITAL SERVICE', 'PP.0805001', 'PENGADAAN', 'OFFICER', 'KABAG PENGADAAN', '6', '');

-- --------------------------------------------------------

--
-- Table structure for table `urusan`
--

CREATE TABLE `urusan` (
  `id_urusan` int(11) NOT NULL,
  `nama_urusan` varchar(250) NOT NULL
) ENGINE=InnoDB DEFAULT CHARSET=latin1;

--
-- Dumping data for table `urusan`
--

INSERT INTO `urusan` (`id_urusan`, `nama_urusan`) VALUES
(1, '-'),
(2, 'Administrasi dan Keuangan'),
(3, 'Administrasi Perencanaan dan Pengendalian Audit'),
(4, 'Administrasi Umum'),
(5, 'Cabang Jakarta'),
(6, 'Dokumen Pengembangan'),
(7, 'Internal & External Relation'),
(8, 'Media Handling & Marketing Support'),
(9, 'Operasional PKBL'),
(10, 'Pengelolaan Informasi dan Dukungan Hukum'),
(11, 'Pengembangan Audit'),
(12, 'Perencanaan dan Pengendalian GCG'),
(13, 'Perencanaan dan Pengendalian PKBL'),
(14, 'Perencanaan dan Pengendalian Produk'),
(15, 'Perencanaan dan Pengendalian Strategis'),
(16, 'Product Quality Assurance'),
(17, 'Rekayasa dan Dukungan Produk'),
(18, 'Rice & Business Incubator'),
(19, 'Sekretariat Direksi');

--
-- Indexes for dumped tables
--

--
-- Indexes for table `bagian`
--
ALTER TABLE `bagian`
  ADD PRIMARY KEY (`id_bagian`),
  ADD UNIQUE KEY `id_bagian` (`id_bagian`,`nama_bagian`);

--
-- Indexes for table `direktori`
--
ALTER TABLE `direktori`
  ADD PRIMARY KEY (`id_direktori`),
  ADD UNIQUE KEY `id_direktori` (`id_direktori`,`NIPEG`,`id_jabatan`,`id_proker`,`id_indikator`);

--
-- Indexes for table `divisi`
--
ALTER TABLE `divisi`
  ADD PRIMARY KEY (`id_divisi`),
  ADD UNIQUE KEY `id_divisi` (`id_divisi`,`nama_divisi`);

--
-- Indexes for table `indikator`
--
ALTER TABLE `indikator`
  ADD PRIMARY KEY (`id_indikator`),
  ADD UNIQUE KEY `id_indikator` (`id_indikator`,`nama_indikator`);

--
-- Indexes for table `jabatan`
--
ALTER TABLE `jabatan`
  ADD PRIMARY KEY (`id_jabatan`);

--
-- Indexes for table `karyawan`
--
ALTER TABLE `karyawan`
  ADD PRIMARY KEY (`nip_karyawan`),
  ADD UNIQUE KEY `nip_karyawan` (`nip_karyawan`,`nama_karyawan`),
  ADD KEY `nip_karyawan_2` (`nip_karyawan`),
  ADD KEY `nip_karyawan_3` (`nip_karyawan`);

--
-- Indexes for table `kondisi`
--
ALTER TABLE `kondisi`
  ADD PRIMARY KEY (`id_kondisi`),
  ADD UNIQUE KEY `id_kondisi` (`id_kondisi`,`status_tw`,`TMT`,`TST`,`tahun`);

--
-- Indexes for table `nilai`
--
ALTER TABLE `nilai`
  ADD PRIMARY KEY (`id_nilai`);

--
-- Indexes for table `pangkat`
--
ALTER TABLE `pangkat`
  ADD PRIMARY KEY (`id_pangkat`);

--
-- Indexes for table `proker`
--
ALTER TABLE `proker`
  ADD PRIMARY KEY (`id_proker`);

--
-- Indexes for table `role`
--
ALTER TABLE `role`
  ADD PRIMARY KEY (`NIPEG`);

--
-- Indexes for table `tb_karyawan`
--
ALTER TABLE `tb_karyawan`
  ADD KEY `NIPEG_UP` (`NIPEG_UP`,`NIPEG`);

--
-- Indexes for table `urusan`
--
ALTER TABLE `urusan`
  ADD PRIMARY KEY (`id_urusan`),
  ADD UNIQUE KEY `id_urusan` (`id_urusan`,`nama_urusan`);

--
-- AUTO_INCREMENT for dumped tables
--

--
-- AUTO_INCREMENT for table `bagian`
--
ALTER TABLE `bagian`
  MODIFY `id_bagian` int(20) NOT NULL AUTO_INCREMENT, AUTO_INCREMENT=10;
--
-- AUTO_INCREMENT for table `direktori`
--
ALTER TABLE `direktori`
  MODIFY `id_direktori` int(11) NOT NULL AUTO_INCREMENT, AUTO_INCREMENT=344;
--
-- AUTO_INCREMENT for table `divisi`
--
ALTER TABLE `divisi`
  MODIFY `id_divisi` int(11) NOT NULL AUTO_INCREMENT, AUTO_INCREMENT=4;
--
-- AUTO_INCREMENT for table `indikator`
--
ALTER TABLE `indikator`
  MODIFY `id_indikator` int(11) NOT NULL AUTO_INCREMENT, AUTO_INCREMENT=62;
--
-- AUTO_INCREMENT for table `jabatan`
--
ALTER TABLE `jabatan`
  MODIFY `id_jabatan` int(11) NOT NULL AUTO_INCREMENT, AUTO_INCREMENT=65;
--
-- AUTO_INCREMENT for table `kondisi`
--
ALTER TABLE `kondisi`
  MODIFY `id_kondisi` int(11) NOT NULL AUTO_INCREMENT, AUTO_INCREMENT=3;
--
-- AUTO_INCREMENT for table `nilai`
--
ALTER TABLE `nilai`
  MODIFY `id_nilai` int(11) NOT NULL AUTO_INCREMENT, AUTO_INCREMENT=18;
--
-- AUTO_INCREMENT for table `pangkat`
--
ALTER TABLE `pangkat`
  MODIFY `id_pangkat` int(11) NOT NULL AUTO_INCREMENT, AUTO_INCREMENT=9;
--
-- AUTO_INCREMENT for table `proker`
--
ALTER TABLE `proker`
  MODIFY `id_proker` int(11) NOT NULL AUTO_INCREMENT, AUTO_INCREMENT=3;
--
-- AUTO_INCREMENT for table `urusan`
--
ALTER TABLE `urusan`
  MODIFY `id_urusan` int(11) NOT NULL AUTO_INCREMENT, AUTO_INCREMENT=20;
/*!40101 SET CHARACTER_SET_CLIENT=@OLD_CHARACTER_SET_CLIENT */;
/*!40101 SET CHARACTER_SET_RESULTS=@OLD_CHARACTER_SET_RESULTS */;
/*!40101 SET COLLATION_CONNECTION=@OLD_COLLATION_CONNECTION */;
